**********************
nStart der Windows PowerShell-Aufzeichnung
Startzeit: 20260421154425
Benutzername: LAPTOP-E978DS48\andre
RunAs-Benutzer: LAPTOP-E978DS48\andre
Konfigurationsname: 
Computer: LAPTOP-E978DS48 (Microsoft Windows NT 10.0.26200.0)
Hostanwendung: C:\Windows\System32\WindowsPowerShell\v1.0\powershell.exe -ExecutionPolicy Bypass -File .\cleanup.ps1
Prozess-ID: 30584
PSVersion: 5.1.26100.8115
PSEdition: Desktop
PSCompatibleVersions: 1.0, 2.0, 3.0, 4.0, 5.0, 5.1.26100.8115
BuildVersion: 10.0.26100.8115
CLRVersion: 4.0.30319.42000
WSManStackVersion: 3.0
PSRemotingProtocolVersion: 2.3
SerializationVersion: 1.1.0.1
**********************
=== 0) Package-Check ===
lock size: 88 B
{
  "name": "gridcheck",
  "lockfileVersion": 3,
  "requires": true,
  "packages": {}
}

FullName
--------
C:\Users\andre\gridcheck\backups\frontend-new_20260409_223856\package.json
C:\Users\andre\gridcheck\backups\frontend_20260409_230525\package.json
C:\Users\andre\gridcheck\backups\frontend_20260409_230525\.next\package.json
C:\Users\andre\gridcheck\backups\frontend_20260409_230525\.next\types\package.json
C:\Users\andre\gridcheck\backups\frontend_20260410_180320\package.json
C:\Users\andre\gridcheck\backups\frontend_20260410_180320\.next\package.json
C:\Users\andre\gridcheck\backups\frontend_20260410_180320\.next\types\package.json
C:\Users\andre\gridcheck\backups\frontend_20260410_180320\node_modules\@alloc\quick-lru\package.json
C:\Users\andre\gridcheck\backups\frontend_20260410_180320\node_modules\@babel\code-frame\package.json
C:\Users\andre\gridcheck\backups\frontend_20260410_180320\node_modules\@babel\compat-data\package.json
C:\Users\andre\gridcheck\backups\frontend_20260410_180320\node_modules\@babel\core\package.json
C:\Users\andre\gridcheck\backups\frontend_20260410_180320\node_modules\@babel\core\node_modules\json5\package.json
C:\Users\andre\gridcheck\backups\frontend_20260410_180320\node_modules\@babel\core\node_modules\semver\package.json
C:\Users\andre\gridcheck\backups\frontend_20260410_180320\node_modules\@babel\generator\package.json
C:\Users\andre\gridcheck\backups\frontend_20260410_180320\node_modules\@babel\helper-annotate-as-pure\package.json
C:\Users\andre\gridcheck\backups\frontend_20260410_180320\node_modules\@babel\helper-compilation-targets\package.json
C:\Users\andre\gridcheck\backups\frontend_20260410_180320\node_modules\@babel\helper-compilation-targets\node_modules\lru-cache\package.json
C:\Users\andre\gridcheck\backups\frontend_20260410_180320\node_modules\@babel\helper-compilation-targets\node_modules\semver\package.json
C:\Users\andre\gridcheck\backups\frontend_20260410_180320\node_modules\@babel\helper-create-class-features-plugin\package.json
C:\Users\andre\gridcheck\backups\frontend_20260410_180320\node_modules\@babel\helper-create-class-features-plugin\node_modules\semver\package.json
C:\Users\andre\gridcheck\backups\frontend_20260410_180320\node_modules\@babel\helper-globals\package.json
C:\Users\andre\gridcheck\backups\frontend_20260410_180320\node_modules\@babel\helper-member-expression-to-functions\package.json
C:\Users\andre\gridcheck\backups\frontend_20260410_180320\node_modules\@babel\helper-module-imports\package.json
C:\Users\andre\gridcheck\backups\frontend_20260410_180320\node_modules\@babel\helper-module-transforms\package.json
C:\Users\andre\gridcheck\backups\frontend_20260410_180320\node_modules\@babel\helper-optimise-call-expression\package.json
C:\Users\andre\gridcheck\backups\frontend_20260410_180320\node_modules\@babel\helper-plugin-utils\package.json
C:\Users\andre\gridcheck\backups\frontend_20260410_180320\node_modules\@babel\helper-replace-supers\package.json
C:\Users\andre\gridcheck\backups\frontend_20260410_180320\node_modules\@babel\helper-skip-transparent-expression-wrappers\package.json
C:\Users\andre\gridcheck\backups\frontend_20260410_180320\node_modules\@babel\helper-string-parser\package.json
C:\Users\andre\gridcheck\backups\frontend_20260410_180320\node_modules\@babel\helper-validator-identifier\package.json
C:\Users\andre\gridcheck\backups\frontend_20260410_180320\node_modules\@babel\helper-validator-option\package.json
C:\Users\andre\gridcheck\backups\frontend_20260410_180320\node_modules\@babel\helpers\package.json
C:\Users\andre\gridcheck\backups\frontend_20260410_180320\node_modules\@babel\parser\package.json
C:\Users\andre\gridcheck\backups\frontend_20260410_180320\node_modules\@babel\plugin-syntax-jsx\package.json
C:\Users\andre\gridcheck\backups\frontend_20260410_180320\node_modules\@babel\plugin-syntax-typescript\package.json
C:\Users\andre\gridcheck\backups\frontend_20260410_180320\node_modules\@babel\plugin-transform-modules-commonjs\package.json
C:\Users\andre\gridcheck\backups\frontend_20260410_180320\node_modules\@babel\plugin-transform-typescript\package.json
C:\Users\andre\gridcheck\backups\frontend_20260410_180320\node_modules\@babel\preset-typescript\package.json
C:\Users\andre\gridcheck\backups\frontend_20260410_180320\node_modules\@babel\template\package.json
C:\Users\andre\gridcheck\backups\frontend_20260410_180320\node_modules\@babel\traverse\package.json
C:\Users\andre\gridcheck\backups\frontend_20260410_180320\node_modules\@babel\types\package.json
C:\Users\andre\gridcheck\backups\frontend_20260410_180320\node_modules\@dotenvx\dotenvx\package.json
C:\Users\andre\gridcheck\backups\frontend_20260410_180320\node_modules\@dotenvx\dotenvx\node_modules\commander\package.json
C:\Users\andre\gridcheck\backups\frontend_20260410_180320\node_modules\@dotenvx\dotenvx\node_modules\dotenv\package.json
C:\Users\andre\gridcheck\backups\frontend_20260410_180320\node_modules\@dotenvx\dotenvx\node_modules\execa\package.json
C:\Users\andre\gridcheck\backups\frontend_20260410_180320\node_modules\@dotenvx\dotenvx\node_modules\fdir\package.json
C:\Users\andre\gridcheck\backups\frontend_20260410_180320\node_modules\@dotenvx\dotenvx\node_modules\get-stream\package.json
C:\Users\andre\gridcheck\backups\frontend_20260410_180320\node_modules\@dotenvx\dotenvx\node_modules\human-signals\package.json
C:\Users\andre\gridcheck\backups\frontend_20260410_180320\node_modules\@dotenvx\dotenvx\node_modules\is-stream\package.json
C:\Users\andre\gridcheck\backups\frontend_20260410_180320\node_modules\@dotenvx\dotenvx\node_modules\isexe\package.json
C:\Users\andre\gridcheck\backups\frontend_20260410_180320\node_modules\@dotenvx\dotenvx\node_modules\isexe\dist\commonjs\package.json
C:\Users\andre\gridcheck\backups\frontend_20260410_180320\node_modules\@dotenvx\dotenvx\node_modules\isexe\dist\esm\package.json
C:\Users\andre\gridcheck\backups\frontend_20260410_180320\node_modules\@dotenvx\dotenvx\node_modules\npm-run-path\package.json
C:\Users\andre\gridcheck\backups\frontend_20260410_180320\node_modules\@dotenvx\dotenvx\node_modules\onetime\package.json
C:\Users\andre\gridcheck\backups\frontend_20260410_180320\node_modules\@dotenvx\dotenvx\node_modules\picomatch\package.json
C:\Users\andre\gridcheck\backups\frontend_20260410_180320\node_modules\@dotenvx\dotenvx\node_modules\signal-exit\package.json
C:\Users\andre\gridcheck\backups\frontend_20260410_180320\node_modules\@dotenvx\dotenvx\node_modules\strip-final-newline\package.json
C:\Users\andre\gridcheck\backups\frontend_20260410_180320\node_modules\@dotenvx\dotenvx\node_modules\which\package.json
C:\Users\andre\gridcheck\backups\frontend_20260410_180320\node_modules\@ecies\ciphers\package.json
C:\Users\andre\gridcheck\backups\frontend_20260410_180320\node_modules\@electric-sql\pglite\package.json
C:\Users\andre\gridcheck\backups\frontend_20260410_180320\node_modules\@electric-sql\pglite-socket\package.json
C:\Users\andre\gridcheck\backups\frontend_20260410_180320\node_modules\@electric-sql\pglite-tools\package.json
C:\Users\andre\gridcheck\backups\frontend_20260410_180320\node_modules\@eslint\eslintrc\package.json
C:\Users\andre\gridcheck\backups\frontend_20260410_180320\node_modules\@eslint\js\package.json
C:\Users\andre\gridcheck\backups\frontend_20260410_180320\node_modules\@eslint-community\eslint-utils\package.json
C:\Users\andre\gridcheck\backups\frontend_20260410_180320\node_modules\@eslint-community\regexpp\package.json
C:\Users\andre\gridcheck\backups\frontend_20260410_180320\node_modules\@floating-ui\core\package.json
C:\Users\andre\gridcheck\backups\frontend_20260410_180320\node_modules\@floating-ui\dom\package.json
C:\Users\andre\gridcheck\backups\frontend_20260410_180320\node_modules\@floating-ui\react-dom\package.json
C:\Users\andre\gridcheck\backups\frontend_20260410_180320\node_modules\@floating-ui\utils\package.json
C:\Users\andre\gridcheck\backups\frontend_20260410_180320\node_modules\@floating-ui\utils\dom\package.json
C:\Users\andre\gridcheck\backups\frontend_20260410_180320\node_modules\@hono\node-server\package.json
C:\Users\andre\gridcheck\backups\frontend_20260410_180320\node_modules\@humanwhocodes\config-array\package.json
C:\Users\andre\gridcheck\backups\frontend_20260410_180320\node_modules\@humanwhocodes\module-importer\package.json
C:\Users\andre\gridcheck\backups\frontend_20260410_180320\node_modules\@humanwhocodes\object-schema\package.json
C:\Users\andre\gridcheck\backups\frontend_20260410_180320\node_modules\@inquirer\ansi\package.json
C:\Users\andre\gridcheck\backups\frontend_20260410_180320\node_modules\@inquirer\ansi\dist\commonjs\package.json
C:\Users\andre\gridcheck\backups\frontend_20260410_180320\node_modules\@inquirer\ansi\dist\esm\package.json
C:\Users\andre\gridcheck\backups\frontend_20260410_180320\node_modules\@inquirer\confirm\package.json
C:\Users\andre\gridcheck\backups\frontend_20260410_180320\node_modules\@inquirer\confirm\dist\commonjs\package.json
C:\Users\andre\gridcheck\backups\frontend_20260410_180320\node_modules\@inquirer\confirm\dist\esm\package.json
C:\Users\andre\gridcheck\backups\frontend_20260410_180320\node_modules\@inquirer\core\package.json
C:\Users\andre\gridcheck\backups\frontend_20260410_180320\node_modules\@inquirer\core\dist\commonjs\package.json
C:\Users\andre\gridcheck\backups\frontend_20260410_180320\node_modules\@inquirer\core\dist\esm\package.json
C:\Users\andre\gridcheck\backups\frontend_20260410_180320\node_modules\@inquirer\core\node_modules\emoji-regex\package.json
C:\Users\andre\gridcheck\backups\frontend_20260410_180320\node_modules\@inquirer\core\node_modules\string-width\package.json
C:\Users\andre\gridcheck\backups\frontend_20260410_180320\node_modules\@inquirer\core\node_modules\wrap-ansi\package.json
C:\Users\andre\gridcheck\backups\frontend_20260410_180320\node_modules\@inquirer\figures\package.json
C:\Users\andre\gridcheck\backups\frontend_20260410_180320\node_modules\@inquirer\figures\dist\commonjs\package.json
C:\Users\andre\gridcheck\backups\frontend_20260410_180320\node_modules\@inquirer\figures\dist\esm\package.json
C:\Users\andre\gridcheck\backups\frontend_20260410_180320\node_modules\@inquirer\type\package.json
C:\Users\andre\gridcheck\backups\frontend_20260410_180320\node_modules\@inquirer\type\dist\commonjs\package.json
C:\Users\andre\gridcheck\backups\frontend_20260410_180320\node_modules\@inquirer\type\dist\esm\package.json
C:\Users\andre\gridcheck\backups\frontend_20260410_180320\node_modules\@isaacs\cliui\package.json
C:\Users\andre\gridcheck\backups\frontend_20260410_180320\node_modules\@isaacs\cliui\node_modules\ansi-regex\package.json
C:\Users\andre\gridcheck\backups\frontend_20260410_180320\node_modules\@isaacs\cliui\node_modules\strip-ansi\package.json
C:\Users\andre\gridcheck\backups\frontend_20260410_180320\node_modules\@jridgewell\gen-mapping\package.json
C:\Users\andre\gridcheck\backups\frontend_20260410_180320\node_modules\@jridgewell\remapping\package.json
C:\Users\andre\gridcheck\backups\frontend_20260410_180320\node_modules\@jridgewell\resolve-uri\package.json
C:\Users\andre\gridcheck\backups\frontend_20260410_180320\node_modules\@jridgewell\sourcemap-codec\package.json
C:\Users\andre\gridcheck\backups\frontend_20260410_180320\node_modules\@jridgewell\trace-mapping\package.json
C:\Users\andre\gridcheck\backups\frontend_20260410_180320\node_modules\@kurkle\color\package.json
C:\Users\andre\gridcheck\backups\frontend_20260410_180320\node_modules\@modelcontextprotocol\sdk\package.json
C:\Users\andre\gridcheck\backups\frontend_20260410_180320\node_modules\@modelcontextprotocol\sdk\dist\cjs\package.json
C:\Users\andre\gridcheck\backups\frontend_20260410_180320\node_modules\@modelcontextprotocol\sdk\dist\esm\package.json
C:\Users\andre\gridcheck\backups\frontend_20260410_180320\node_modules\@modelcontextprotocol\sdk\node_modules\ajv\package.json
C:\Users\andre\gridcheck\backups\frontend_20260410_180320\node_modules\@modelcontextprotocol\sdk\node_modules\json-schema-traverse\package.json
C:\Users\andre\gridcheck\backups\frontend_20260410_180320\node_modules\@mswjs\interceptors\package.json
C:\Users\andre\gridcheck\backups\frontend_20260410_180320\node_modules\@mswjs\interceptors\ClientRequest\package.json
C:\Users\andre\gridcheck\backups\frontend_20260410_180320\node_modules\@mswjs\interceptors\fetch\package.json
C:\Users\andre\gridcheck\backups\frontend_20260410_180320\node_modules\@mswjs\interceptors\presets\browser\package.json
C:\Users\andre\gridcheck\backups\frontend_20260410_180320\node_modules\@mswjs\interceptors\presets\node\package.json
C:\Users\andre\gridcheck\backups\frontend_20260410_180320\node_modules\@mswjs\interceptors\RemoteHttpInterceptor\package.json
C:\Users\andre\gridcheck\backups\frontend_20260410_180320\node_modules\@mswjs\interceptors\WebSocket\package.json
C:\Users\andre\gridcheck\backups\frontend_20260410_180320\node_modules\@mswjs\interceptors\XMLHttpRequest\package.json
C:\Users\andre\gridcheck\backups\frontend_20260410_180320\node_modules\@next\env\package.json
C:\Users\andre\gridcheck\backups\frontend_20260410_180320\node_modules\@next\eslint-plugin-next\package.json
C:\Users\andre\gridcheck\backups\frontend_20260410_180320\node_modules\@next\swc-win32-x64-msvc\package.json
C:\Users\andre\gridcheck\backups\frontend_20260410_180320\node_modules\@noble\ciphers\package.json
C:\Users\andre\gridcheck\backups\frontend_20260410_180320\node_modules\@noble\ciphers\esm\package.json
C:\Users\andre\gridcheck\backups\frontend_20260410_180320\node_modules\@noble\ciphers\src\package.json
C:\Users\andre\gridcheck\backups\frontend_20260410_180320\node_modules\@noble\curves\package.json
C:\Users\andre\gridcheck\backups\frontend_20260410_180320\node_modules\@noble\curves\esm\package.json
C:\Users\andre\gridcheck\backups\frontend_20260410_180320\node_modules\@noble\curves\src\package.json
C:\Users\andre\gridcheck\backups\frontend_20260410_180320\node_modules\@noble\hashes\package.json
C:\Users\andre\gridcheck\backups\frontend_20260410_180320\node_modules\@noble\hashes\esm\package.json
C:\Users\andre\gridcheck\backups\frontend_20260410_180320\node_modules\@nodelib\fs.scandir\package.json
C:\Users\andre\gridcheck\backups\frontend_20260410_180320\node_modules\@nodelib\fs.stat\package.json
C:\Users\andre\gridcheck\backups\frontend_20260410_180320\node_modules\@nodelib\fs.walk\package.json
C:\Users\andre\gridcheck\backups\frontend_20260410_180320\node_modules\@nolyfill\is-core-module\package.json
C:\Users\andre\gridcheck\backups\frontend_20260410_180320\node_modules\@open-draft\deferred-promise\package.json
C:\Users\andre\gridcheck\backups\frontend_20260410_180320\node_modules\@open-draft\logger\package.json
C:\Users\andre\gridcheck\backups\frontend_20260410_180320\node_modules\@open-draft\until\package.json
C:\Users\andre\gridcheck\backups\frontend_20260410_180320\node_modules\@pkgjs\parseargs\package.json
C:\Users\andre\gridcheck\backups\frontend_20260410_180320\node_modules\@prisma\client\package.json
C:\Users\andre\gridcheck\backups\frontend_20260410_180320\node_modules\@prisma\client-runtime-utils\package.json
C:\Users\andre\gridcheck\backups\frontend_20260410_180320\node_modules\@prisma\config\package.json
C:\Users\andre\gridcheck\backups\frontend_20260410_180320\node_modules\@prisma\debug\package.json
C:\Users\andre\gridcheck\backups\frontend_20260410_180320\node_modules\@prisma\dev\package.json
C:\Users\andre\gridcheck\backups\frontend_20260410_180320\node_modules\@prisma\engines\package.json
C:\Users\andre\gridcheck\backups\frontend_20260410_180320\node_modules\@prisma\engines\node_modules\@prisma\get-platform\package.json
C:\Users\andre\gridcheck\backups\frontend_20260410_180320\node_modules\@prisma\engines-version\package.json
C:\Users\andre\gridcheck\backups\frontend_20260410_180320\node_modules\@prisma\fetch-engine\package.json
C:\Users\andre\gridcheck\backups\frontend_20260410_180320\node_modules\@prisma\fetch-engine\node_modules\@prisma\get-platform\package.json
C:\Users\andre\gridcheck\backups\frontend_20260410_180320\node_modules\@prisma\get-platform\package.json
C:\Users\andre\gridcheck\backups\frontend_20260410_180320\node_modules\@prisma\get-platform\node_modules\@prisma\debug\package.json
C:\Users\andre\gridcheck\backups\frontend_20260410_180320\node_modules\@prisma\query-plan-executor\package.json
C:\Users\andre\gridcheck\backups\frontend_20260410_180320\node_modules\@prisma\streams-local\package.json
C:\Users\andre\gridcheck\backups\frontend_20260410_180320\node_modules\@prisma\streams-local\node_modules\ajv\package.json
C:\Users\andre\gridcheck\backups\frontend_20260410_180320\node_modules\@prisma\streams-local\node_modules\json-schema-traverse\package.json
C:\Users\andre\gridcheck\backups\frontend_20260410_180320\node_modules\@prisma\studio-core\package.json
C:\Users\andre\gridcheck\backups\frontend_20260410_180320\node_modules\@radix-ui\number\package.json
C:\Users\andre\gridcheck\backups\frontend_20260410_180320\node_modules\@radix-ui\primitive\package.json
C:\Users\andre\gridcheck\backups\frontend_20260410_180320\node_modules\@radix-ui\react-accessible-icon\package.json
C:\Users\andre\gridcheck\backups\frontend_20260410_180320\node_modules\@radix-ui\react-accordion\package.json
C:\Users\andre\gridcheck\backups\frontend_20260410_180320\node_modules\@radix-ui\react-alert-dialog\package.json
C:\Users\andre\gridcheck\backups\frontend_20260410_180320\node_modules\@radix-ui\react-arrow\package.json
C:\Users\andre\gridcheck\backups\frontend_20260410_180320\node_modules\@radix-ui\react-aspect-ratio\package.json
C:\Users\andre\gridcheck\backups\frontend_20260410_180320\node_modules\@radix-ui\react-avatar\package.json
C:\Users\andre\gridcheck\backups\frontend_20260410_180320\node_modules\@radix-ui\react-checkbox\package.json
C:\Users\andre\gridcheck\backups\frontend_20260410_180320\node_modules\@radix-ui\react-collapsible\package.json
C:\Users\andre\gridcheck\backups\frontend_20260410_180320\node_modules\@radix-ui\react-collection\package.json
C:\Users\andre\gridcheck\backups\frontend_20260410_180320\node_modules\@radix-ui\react-compose-refs\package.json
C:\Users\andre\gridcheck\backups\frontend_20260410_180320\node_modules\@radix-ui\react-context\package.json
C:\Users\andre\gridcheck\backups\frontend_20260410_180320\node_modules\@radix-ui\react-context-menu\package.json
C:\Users\andre\gridcheck\backups\frontend_20260410_180320\node_modules\@radix-ui\react-dialog\package.json
C:\Users\andre\gridcheck\backups\frontend_20260410_180320\node_modules\@radix-ui\react-direction\package.json
C:\Users\andre\gridcheck\backups\frontend_20260410_180320\node_modules\@radix-ui\react-dismissable-layer\package.json
C:\Users\andre\gridcheck\backups\frontend_20260410_180320\node_modules\@radix-ui\react-dropdown-menu\package.json
C:\Users\andre\gridcheck\backups\frontend_20260410_180320\node_modules\@radix-ui\react-focus-guards\package.json
C:\Users\andre\gridcheck\backups\frontend_20260410_180320\node_modules\@radix-ui\react-focus-scope\package.json
C:\Users\andre\gridcheck\backups\frontend_20260410_180320\node_modules\@radix-ui\react-form\package.json
C:\Users\andre\gridcheck\backups\frontend_20260410_180320\node_modules\@radix-ui\react-hover-card\package.json
C:\Users\andre\gridcheck\backups\frontend_20260410_180320\node_modules\@radix-ui\react-id\package.json
C:\Users\andre\gridcheck\backups\frontend_20260410_180320\node_modules\@radix-ui\react-label\package.json
C:\Users\andre\gridcheck\backups\frontend_20260410_180320\node_modules\@radix-ui\react-menu\package.json
C:\Users\andre\gridcheck\backups\frontend_20260410_180320\node_modules\@radix-ui\react-menubar\package.json
C:\Users\andre\gridcheck\backups\frontend_20260410_180320\node_modules\@radix-ui\react-navigation-menu\package.json
C:\Users\andre\gridcheck\backups\frontend_20260410_180320\node_modules\@radix-ui\react-one-time-password-field\package.json
C:\Users\andre\gridcheck\backups\frontend_20260410_180320\node_modules\@radix-ui\react-password-toggle-field\package.json
C:\Users\andre\gridcheck\backups\frontend_20260410_180320\node_modules\@radix-ui\react-popover\package.json
C:\Users\andre\gridcheck\backups\frontend_20260410_180320\node_modules\@radix-ui\react-popper\package.json
C:\Users\andre\gridcheck\backups\frontend_20260410_180320\node_modules\@radix-ui\react-portal\package.json
C:\Users\andre\gridcheck\backups\frontend_20260410_180320\node_modules\@radix-ui\react-presence\package.json
C:\Users\andre\gridcheck\backups\frontend_20260410_180320\node_modules\@radix-ui\react-primitive\package.json
C:\Users\andre\gridcheck\backups\frontend_20260410_180320\node_modules\@radix-ui\react-progress\package.json
C:\Users\andre\gridcheck\backups\frontend_20260410_180320\node_modules\@radix-ui\react-radio-group\package.json
C:\Users\andre\gridcheck\backups\frontend_20260410_180320\node_modules\@radix-ui\react-roving-focus\package.json
C:\Users\andre\gridcheck\backups\frontend_20260410_180320\node_modules\@radix-ui\react-scroll-area\package.json
C:\Users\andre\gridcheck\backups\frontend_20260410_180320\node_modules\@radix-ui\react-select\package.json
C:\Users\andre\gridcheck\backups\frontend_20260410_180320\node_modules\@radix-ui\react-separator\package.json
C:\Users\andre\gridcheck\backups\frontend_20260410_180320\node_modules\@radix-ui\react-slider\package.json
C:\Users\andre\gridcheck\backups\frontend_20260410_180320\node_modules\@radix-ui\react-slot\package.json
C:\Users\andre\gridcheck\backups\frontend_20260410_180320\node_modules\@radix-ui\react-switch\package.json
C:\Users\andre\gridcheck\backups\frontend_20260410_180320\node_modules\@radix-ui\react-tabs\package.json
C:\Users\andre\gridcheck\backups\frontend_20260410_180320\node_modules\@radix-ui\react-toast\package.json
C:\Users\andre\gridcheck\backups\frontend_20260410_180320\node_modules\@radix-ui\react-toggle\package.json
C:\Users\andre\gridcheck\backups\frontend_20260410_180320\node_modules\@radix-ui\react-toggle-group\package.json
C:\Users\andre\gridcheck\backups\frontend_20260410_180320\node_modules\@radix-ui\react-toolbar\package.json
C:\Users\andre\gridcheck\backups\frontend_20260410_180320\node_modules\@radix-ui\react-tooltip\package.json
C:\Users\andre\gridcheck\backups\frontend_20260410_180320\node_modules\@radix-ui\react-use-callback-ref\package.json
C:\Users\andre\gridcheck\backups\frontend_20260410_180320\node_modules\@radix-ui\react-use-controllable-state\package.json
C:\Users\andre\gridcheck\backups\frontend_20260410_180320\node_modules\@radix-ui\react-use-effect-event\package.json
C:\Users\andre\gridcheck\backups\frontend_20260410_180320\node_modules\@radix-ui\react-use-escape-keydown\package.json
C:\Users\andre\gridcheck\backups\frontend_20260410_180320\node_modules\@radix-ui\react-use-is-hydrated\package.json
C:\Users\andre\gridcheck\backups\frontend_20260410_180320\node_modules\@radix-ui\react-use-layout-effect\package.json
C:\Users\andre\gridcheck\backups\frontend_20260410_180320\node_modules\@radix-ui\react-use-previous\package.json
C:\Users\andre\gridcheck\backups\frontend_20260410_180320\node_modules\@radix-ui\react-use-rect\package.json
C:\Users\andre\gridcheck\backups\frontend_20260410_180320\node_modules\@radix-ui\react-use-size\package.json
C:\Users\andre\gridcheck\backups\frontend_20260410_180320\node_modules\@radix-ui\react-visually-hidden\package.json
C:\Users\andre\gridcheck\backups\frontend_20260410_180320\node_modules\@radix-ui\rect\package.json
C:\Users\andre\gridcheck\backups\frontend_20260410_180320\node_modules\@react-leaflet\core\package.json
C:\Users\andre\gridcheck\backups\frontend_20260410_180320\node_modules\@reduxjs\toolkit\package.json
C:\Users\andre\gridcheck\backups\frontend_20260410_180320\node_modules\@reduxjs\toolkit\node_modules\immer\package.json
C:\Users\andre\gridcheck\backups\frontend_20260410_180320\node_modules\@reduxjs\toolkit\query\package.json
C:\Users\andre\gridcheck\backups\frontend_20260410_180320\node_modules\@reduxjs\toolkit\query\react\package.json
C:\Users\andre\gridcheck\backups\frontend_20260410_180320\node_modules\@reduxjs\toolkit\react\package.json
C:\Users\andre\gridcheck\backups\frontend_20260410_180320\node_modules\@rtsao\scc\package.json
C:\Users\andre\gridcheck\backups\frontend_20260410_180320\node_modules\@rushstack\eslint-patch\package.json
C:\Users\andre\gridcheck\backups\frontend_20260410_180320\node_modules\@sec-ant\readable-stream\package.json
C:\Users\andre\gridcheck\backups\frontend_20260410_180320\node_modules\@sindresorhus\merge-streams\package.json
C:\Users\andre\gridcheck\backups\frontend_20260410_180320\node_modules\@standard-schema\spec\package.json
C:\Users\andre\gridcheck\backups\frontend_20260410_180320\node_modules\@standard-schema\utils\package.json
C:\Users\andre\gridcheck\backups\frontend_20260410_180320\node_modules\@swc\counter\package.json
C:\Users\andre\gridcheck\backups\frontend_20260410_180320\node_modules\@swc\helpers\package.json
C:\Users\andre\gridcheck\backups\frontend_20260410_180320\node_modules\@swc\helpers\_\index\package.json
C:\Users\andre\gridcheck\backups\frontend_20260410_180320\node_modules\@swc\helpers\_\_apply_decorated_descriptor\package.json
C:\Users\andre\gridcheck\backups\frontend_20260410_180320\node_modules\@swc\helpers\_\_apply_decs_2203_r\package.json
C:\Users\andre\gridcheck\backups\frontend_20260410_180320\node_modules\@swc\helpers\_\_array_like_to_array\package.json
C:\Users\andre\gridcheck\backups\frontend_20260410_180320\node_modules\@swc\helpers\_\_array_without_holes\package.json
C:\Users\andre\gridcheck\backups\frontend_20260410_180320\node_modules\@swc\helpers\_\_array_with_holes\package.json
C:\Users\andre\gridcheck\backups\frontend_20260410_180320\node_modules\@swc\helpers\_\_assert_this_initialized\package.json
C:\Users\andre\gridcheck\backups\frontend_20260410_180320\node_modules\@swc\helpers\_\_async_generator\package.json
C:\Users\andre\gridcheck\backups\frontend_20260410_180320\node_modules\@swc\helpers\_\_async_generator_delegate\package.json
C:\Users\andre\gridcheck\backups\frontend_20260410_180320\node_modules\@swc\helpers\_\_async_iterator\package.json
C:\Users\andre\gridcheck\backups\frontend_20260410_180320\node_modules\@swc\helpers\_\_async_to_generator\package.json
C:\Users\andre\gridcheck\backups\frontend_20260410_180320\node_modules\@swc\helpers\_\_await_async_generator\package.json
C:\Users\andre\gridcheck\backups\frontend_20260410_180320\node_modules\@swc\helpers\_\_await_value\package.json
C:\Users\andre\gridcheck\backups\frontend_20260410_180320\node_modules\@swc\helpers\_\_check_private_redeclaration\package.json
C:\Users\andre\gridcheck\backups\frontend_20260410_180320\node_modules\@swc\helpers\_\_class_apply_descriptor_destructure\package.json
C:\Users\andre\gridcheck\backups\frontend_20260410_180320\node_modules\@swc\helpers\_\_class_apply_descriptor_get\package.json
C:\Users\andre\gridcheck\backups\frontend_20260410_180320\node_modules\@swc\helpers\_\_class_apply_descriptor_set\package.json
C:\Users\andre\gridcheck\backups\frontend_20260410_180320\node_modules\@swc\helpers\_\_class_apply_descriptor_update\package.json
C:\Users\andre\gridcheck\backups\frontend_20260410_180320\node_modules\@swc\helpers\_\_class_call_check\package.json
C:\Users\andre\gridcheck\backups\frontend_20260410_180320\node_modules\@swc\helpers\_\_class_check_private_static_access\package.json
C:\Users\andre\gridcheck\backups\frontend_20260410_180320\node_modules\@swc\helpers\_\_class_check_private_static_field_descriptor\package.json
C:\Users\andre\gridcheck\backups\frontend_20260410_180320\node_modules\@swc\helpers\_\_class_extract_field_descriptor\package.json
C:\Users\andre\gridcheck\backups\frontend_20260410_180320\node_modules\@swc\helpers\_\_class_name_tdz_error\package.json
C:\Users\andre\gridcheck\backups\frontend_20260410_180320\node_modules\@swc\helpers\_\_class_private_field_destructure\package.json
C:\Users\andre\gridcheck\backups\frontend_20260410_180320\node_modules\@swc\helpers\_\_class_private_field_get\package.json
C:\Users\andre\gridcheck\backups\frontend_20260410_180320\node_modules\@swc\helpers\_\_class_private_field_init\package.json
C:\Users\andre\gridcheck\backups\frontend_20260410_180320\node_modules\@swc\helpers\_\_class_private_field_loose_base\package.json
C:\Users\andre\gridcheck\backups\frontend_20260410_180320\node_modules\@swc\helpers\_\_class_private_field_loose_key\package.json
C:\Users\andre\gridcheck\backups\frontend_20260410_180320\node_modules\@swc\helpers\_\_class_private_field_set\package.json
C:\Users\andre\gridcheck\backups\frontend_20260410_180320\node_modules\@swc\helpers\_\_class_private_field_update\package.json
C:\Users\andre\gridcheck\backups\frontend_20260410_180320\node_modules\@swc\helpers\_\_class_private_method_get\package.json
C:\Users\andre\gridcheck\backups\frontend_20260410_180320\node_modules\@swc\helpers\_\_class_private_method_init\package.json
C:\Users\andre\gridcheck\backups\frontend_20260410_180320\node_modules\@swc\helpers\_\_class_private_method_set\package.json
C:\Users\andre\gridcheck\backups\frontend_20260410_180320\node_modules\@swc\helpers\_\_class_static_private_field_destructure\package.json
C:\Users\andre\gridcheck\backups\frontend_20260410_180320\node_modules\@swc\helpers\_\_class_static_private_field_spec_get\package.json
C:\Users\andre\gridcheck\backups\frontend_20260410_180320\node_modules\@swc\helpers\_\_class_static_private_field_spec_set\package.json
C:\Users\andre\gridcheck\backups\frontend_20260410_180320\node_modules\@swc\helpers\_\_class_static_private_field_update\package.json
C:\Users\andre\gridcheck\backups\frontend_20260410_180320\node_modules\@swc\helpers\_\_class_static_private_method_get\package.json
C:\Users\andre\gridcheck\backups\frontend_20260410_180320\node_modules\@swc\helpers\_\_construct\package.json
C:\Users\andre\gridcheck\backups\frontend_20260410_180320\node_modules\@swc\helpers\_\_create_class\package.json
C:\Users\andre\gridcheck\backups\frontend_20260410_180320\node_modules\@swc\helpers\_\_create_for_of_iterator_helper_loose\package.json
C:\Users\andre\gridcheck\backups\frontend_20260410_180320\node_modules\@swc\helpers\_\_create_super\package.json
C:\Users\andre\gridcheck\backups\frontend_20260410_180320\node_modules\@swc\helpers\_\_decorate\package.json
C:\Users\andre\gridcheck\backups\frontend_20260410_180320\node_modules\@swc\helpers\_\_defaults\package.json
C:\Users\andre\gridcheck\backups\frontend_20260410_180320\node_modules\@swc\helpers\_\_define_enumerable_properties\package.json
C:\Users\andre\gridcheck\backups\frontend_20260410_180320\node_modules\@swc\helpers\_\_define_property\package.json
C:\Users\andre\gridcheck\backups\frontend_20260410_180320\node_modules\@swc\helpers\_\_dispose\package.json
C:\Users\andre\gridcheck\backups\frontend_20260410_180320\node_modules\@swc\helpers\_\_export_star\package.json
C:\Users\andre\gridcheck\backups\frontend_20260410_180320\node_modules\@swc\helpers\_\_extends\package.json
C:\Users\andre\gridcheck\backups\frontend_20260410_180320\node_modules\@swc\helpers\_\_get\package.json
C:\Users\andre\gridcheck\backups\frontend_20260410_180320\node_modules\@swc\helpers\_\_get_prototype_of\package.json
C:\Users\andre\gridcheck\backups\frontend_20260410_180320\node_modules\@swc\helpers\_\_inherits\package.json
C:\Users\andre\gridcheck\backups\frontend_20260410_180320\node_modules\@swc\helpers\_\_inherits_loose\package.json
C:\Users\andre\gridcheck\backups\frontend_20260410_180320\node_modules\@swc\helpers\_\_initializer_define_property\package.json
C:\Users\andre\gridcheck\backups\frontend_20260410_180320\node_modules\@swc\helpers\_\_initializer_warning_helper\package.json
C:\Users\andre\gridcheck\backups\frontend_20260410_180320\node_modules\@swc\helpers\_\_instanceof\package.json
C:\Users\andre\gridcheck\backups\frontend_20260410_180320\node_modules\@swc\helpers\_\_interop_require_default\package.json
C:\Users\andre\gridcheck\backups\frontend_20260410_180320\node_modules\@swc\helpers\_\_interop_require_wildcard\package.json
C:\Users\andre\gridcheck\backups\frontend_20260410_180320\node_modules\@swc\helpers\_\_is_native_function\package.json
C:\Users\andre\gridcheck\backups\frontend_20260410_180320\node_modules\@swc\helpers\_\_is_native_reflect_construct\package.json
C:\Users\andre\gridcheck\backups\frontend_20260410_180320\node_modules\@swc\helpers\_\_iterable_to_array\package.json
C:\Users\andre\gridcheck\backups\frontend_20260410_180320\node_modules\@swc\helpers\_\_iterable_to_array_limit\package.json
C:\Users\andre\gridcheck\backups\frontend_20260410_180320\node_modules\@swc\helpers\_\_iterable_to_array_limit_loose\package.json
C:\Users\andre\gridcheck\backups\frontend_20260410_180320\node_modules\@swc\helpers\_\_jsx\package.json
C:\Users\andre\gridcheck\backups\frontend_20260410_180320\node_modules\@swc\helpers\_\_new_arrow_check\package.json
C:\Users\andre\gridcheck\backups\frontend_20260410_180320\node_modules\@swc\helpers\_\_non_iterable_rest\package.json
C:\Users\andre\gridcheck\backups\frontend_20260410_180320\node_modules\@swc\helpers\_\_non_iterable_spread\package.json
C:\Users\andre\gridcheck\backups\frontend_20260410_180320\node_modules\@swc\helpers\_\_object_destructuring_empty\package.json
C:\Users\andre\gridcheck\backups\frontend_20260410_180320\node_modules\@swc\helpers\_\_object_spread\package.json
C:\Users\andre\gridcheck\backups\frontend_20260410_180320\node_modules\@swc\helpers\_\_object_spread_props\package.json
C:\Users\andre\gridcheck\backups\frontend_20260410_180320\node_modules\@swc\helpers\_\_object_without_properties\package.json
C:\Users\andre\gridcheck\backups\frontend_20260410_180320\node_modules\@swc\helpers\_\_object_without_properties_loose\package.json
C:\Users\andre\gridcheck\backups\frontend_20260410_180320\node_modules\@swc\helpers\_\_possible_constructor_return\package.json
C:\Users\andre\gridcheck\backups\frontend_20260410_180320\node_modules\@swc\helpers\_\_read_only_error\package.json
C:\Users\andre\gridcheck\backups\frontend_20260410_180320\node_modules\@swc\helpers\_\_set\package.json
C:\Users\andre\gridcheck\backups\frontend_20260410_180320\node_modules\@swc\helpers\_\_set_prototype_of\package.json
C:\Users\andre\gridcheck\backups\frontend_20260410_180320\node_modules\@swc\helpers\_\_skip_first_generator_next\package.json
C:\Users\andre\gridcheck\backups\frontend_20260410_180320\node_modules\@swc\helpers\_\_sliced_to_array\package.json
C:\Users\andre\gridcheck\backups\frontend_20260410_180320\node_modules\@swc\helpers\_\_sliced_to_array_loose\package.json
C:\Users\andre\gridcheck\backups\frontend_20260410_180320\node_modules\@swc\helpers\_\_super_prop_base\package.json
C:\Users\andre\gridcheck\backups\frontend_20260410_180320\node_modules\@swc\helpers\_\_tagged_template_literal\package.json
C:\Users\andre\gridcheck\backups\frontend_20260410_180320\node_modules\@swc\helpers\_\_tagged_template_literal_loose\package.json
C:\Users\andre\gridcheck\backups\frontend_20260410_180320\node_modules\@swc\helpers\_\_throw\package.json
C:\Users\andre\gridcheck\backups\frontend_20260410_180320\node_modules\@swc\helpers\_\_to_array\package.json
C:\Users\andre\gridcheck\backups\frontend_20260410_180320\node_modules\@swc\helpers\_\_to_consumable_array\package.json
C:\Users\andre\gridcheck\backups\frontend_20260410_180320\node_modules\@swc\helpers\_\_to_primitive\package.json
C:\Users\andre\gridcheck\backups\frontend_20260410_180320\node_modules\@swc\helpers\_\_to_property_key\package.json
C:\Users\andre\gridcheck\backups\frontend_20260410_180320\node_modules\@swc\helpers\_\_ts_decorate\package.json
C:\Users\andre\gridcheck\backups\frontend_20260410_180320\node_modules\@swc\helpers\_\_ts_generator\package.json
C:\Users\andre\gridcheck\backups\frontend_20260410_180320\node_modules\@swc\helpers\_\_ts_metadata\package.json
C:\Users\andre\gridcheck\backups\frontend_20260410_180320\node_modules\@swc\helpers\_\_ts_param\package.json
C:\Users\andre\gridcheck\backups\frontend_20260410_180320\node_modules\@swc\helpers\_\_ts_values\package.json
C:\Users\andre\gridcheck\backups\frontend_20260410_180320\node_modules\@swc\helpers\_\_type_of\package.json
C:\Users\andre\gridcheck\backups\frontend_20260410_180320\node_modules\@swc\helpers\_\_unsupported_iterable_to_array\package.json
C:\Users\andre\gridcheck\backups\frontend_20260410_180320\node_modules\@swc\helpers\_\_update\package.json
C:\Users\andre\gridcheck\backups\frontend_20260410_180320\node_modules\@swc\helpers\_\_using\package.json
C:\Users\andre\gridcheck\backups\frontend_20260410_180320\node_modules\@swc\helpers\_\_wrap_async_generator\package.json
C:\Users\andre\gridcheck\backups\frontend_20260410_180320\node_modules\@swc\helpers\_\_wrap_native_super\package.json
C:\Users\andre\gridcheck\backups\frontend_20260410_180320\node_modules\@swc\helpers\_\_write_only_error\package.json
C:\Users\andre\gridcheck\backups\frontend_20260410_180320\node_modules\@ts-morph\common\package.json
C:\Users\andre\gridcheck\backups\frontend_20260410_180320\node_modules\@ts-morph\common\node_modules\balanced-match\package.json
C:\Users\andre\gridcheck\backups\frontend_20260410_180320\node_modules\@ts-morph\common\node_modules\balanced-match\dist\commonjs\package.json
C:\Users\andre\gridcheck\backups\frontend_20260410_180320\node_modules\@ts-morph\common\node_modules\balanced-match\dist\esm\package.json
C:\Users\andre\gridcheck\backups\frontend_20260410_180320\node_modules\@ts-morph\common\node_modules\brace-expansion\package.json
C:\Users\andre\gridcheck\backups\frontend_20260410_180320\node_modules\@ts-morph\common\node_modules\brace-expansion\dist\commonjs\package.json
C:\Users\andre\gridcheck\backups\frontend_20260410_180320\node_modules\@ts-morph\common\node_modules\brace-expansion\dist\esm\package.json
C:\Users\andre\gridcheck\backups\frontend_20260410_180320\node_modules\@ts-morph\common\node_modules\minimatch\package.json
C:\Users\andre\gridcheck\backups\frontend_20260410_180320\node_modules\@ts-morph\common\node_modules\minimatch\dist\commonjs\package.json
C:\Users\andre\gridcheck\backups\frontend_20260410_180320\node_modules\@ts-morph\common\node_modules\minimatch\dist\esm\package.json
C:\Users\andre\gridcheck\backups\frontend_20260410_180320\node_modules\@types\d3-array\package.json
C:\Users\andre\gridcheck\backups\frontend_20260410_180320\node_modules\@types\d3-color\package.json
C:\Users\andre\gridcheck\backups\frontend_20260410_180320\node_modules\@types\d3-ease\package.json
C:\Users\andre\gridcheck\backups\frontend_20260410_180320\node_modules\@types\d3-interpolate\package.json
C:\Users\andre\gridcheck\backups\frontend_20260410_180320\node_modules\@types\d3-path\package.json
C:\Users\andre\gridcheck\backups\frontend_20260410_180320\node_modules\@types\d3-scale\package.json
C:\Users\andre\gridcheck\backups\frontend_20260410_180320\node_modules\@types\d3-shape\package.json
C:\Users\andre\gridcheck\backups\frontend_20260410_180320\node_modules\@types\d3-time\package.json
C:\Users\andre\gridcheck\backups\frontend_20260410_180320\node_modules\@types\d3-timer\package.json
C:\Users\andre\gridcheck\backups\frontend_20260410_180320\node_modules\@types\geojson\package.json
C:\Users\andre\gridcheck\backups\frontend_20260410_180320\node_modules\@types\json5\package.json
C:\Users\andre\gridcheck\backups\frontend_20260410_180320\node_modules\@types\leaflet\package.json
C:\Users\andre\gridcheck\backups\frontend_20260410_180320\node_modules\@types\node\package.json
C:\Users\andre\gridcheck\backups\frontend_20260410_180320\node_modules\@types\prop-types\package.json
C:\Users\andre\gridcheck\backups\frontend_20260410_180320\node_modules\@types\react\package.json
C:\Users\andre\gridcheck\backups\frontend_20260410_180320\node_modules\@types\react-dom\package.json
C:\Users\andre\gridcheck\backups\frontend_20260410_180320\node_modules\@types\statuses\package.json
C:\Users\andre\gridcheck\backups\frontend_20260410_180320\node_modules\@types\use-sync-external-store\package.json
C:\Users\andre\gridcheck\backups\frontend_20260410_180320\node_modules\@types\validate-npm-package-name\package.json
C:\Users\andre\gridcheck\backups\frontend_20260410_180320\node_modules\@typescript-eslint\eslint-plugin\package.json
C:\Users\andre\gridcheck\backups\frontend_20260410_180320\node_modules\@typescript-eslint\eslint-plugin\node_modules\ignore\package.json
C:\Users\andre\gridcheck\backups\frontend_20260410_180320\node_modules\@typescript-eslint\parser\package.json
C:\Users\andre\gridcheck\backups\frontend_20260410_180320\node_modules\@typescript-eslint\project-service\package.json
C:\Users\andre\gridcheck\backups\frontend_20260410_180320\node_modules\@typescript-eslint\scope-manager\package.json
C:\Users\andre\gridcheck\backups\frontend_20260410_180320\node_modules\@typescript-eslint\tsconfig-utils\package.json
C:\Users\andre\gridcheck\backups\frontend_20260410_180320\node_modules\@typescript-eslint\type-utils\package.json
C:\Users\andre\gridcheck\backups\frontend_20260410_180320\node_modules\@typescript-eslint\types\package.json
C:\Users\andre\gridcheck\backups\frontend_20260410_180320\node_modules\@typescript-eslint\typescript-estree\package.json
C:\Users\andre\gridcheck\backups\frontend_20260410_180320\node_modules\@typescript-eslint\typescript-estree\node_modules\balanced-match\package...
C:\Users\andre\gridcheck\backups\frontend_20260410_180320\node_modules\@typescript-eslint\typescript-estree\node_modules\balanced-match\dist\co...
C:\Users\andre\gridcheck\backups\frontend_20260410_180320\node_modules\@typescript-eslint\typescript-estree\node_modules\balanced-match\dist\es...
C:\Users\andre\gridcheck\backups\frontend_20260410_180320\node_modules\@typescript-eslint\typescript-estree\node_modules\brace-expansion\packag...
C:\Users\andre\gridcheck\backups\frontend_20260410_180320\node_modules\@typescript-eslint\typescript-estree\node_modules\brace-expansion\dist\c...
C:\Users\andre\gridcheck\backups\frontend_20260410_180320\node_modules\@typescript-eslint\typescript-estree\node_modules\brace-expansion\dist\e...
C:\Users\andre\gridcheck\backups\frontend_20260410_180320\node_modules\@typescript-eslint\typescript-estree\node_modules\minimatch\package.json
C:\Users\andre\gridcheck\backups\frontend_20260410_180320\node_modules\@typescript-eslint\typescript-estree\node_modules\minimatch\dist\commonj...
C:\Users\andre\gridcheck\backups\frontend_20260410_180320\node_modules\@typescript-eslint\typescript-estree\node_modules\minimatch\dist\esm\pac...
C:\Users\andre\gridcheck\backups\frontend_20260410_180320\node_modules\@typescript-eslint\utils\package.json
C:\Users\andre\gridcheck\backups\frontend_20260410_180320\node_modules\@typescript-eslint\visitor-keys\package.json
C:\Users\andre\gridcheck\backups\frontend_20260410_180320\node_modules\@typescript-eslint\visitor-keys\node_modules\eslint-visitor-keys\package...
C:\Users\andre\gridcheck\backups\frontend_20260410_180320\node_modules\@ungap\structured-clone\package.json
C:\Users\andre\gridcheck\backups\frontend_20260410_180320\node_modules\@ungap\structured-clone\cjs\package.json
C:\Users\andre\gridcheck\backups\frontend_20260410_180320\node_modules\@unrs\resolver-binding-win32-x64-msvc\package.json
C:\Users\andre\gridcheck\backups\frontend_20260410_180320\node_modules\accepts\package.json
C:\Users\andre\gridcheck\backups\frontend_20260410_180320\node_modules\acorn\package.json
C:\Users\andre\gridcheck\backups\frontend_20260410_180320\node_modules\acorn-jsx\package.json
C:\Users\andre\gridcheck\backups\frontend_20260410_180320\node_modules\agent-base\package.json
C:\Users\andre\gridcheck\backups\frontend_20260410_180320\node_modules\ajv\package.json
C:\Users\andre\gridcheck\backups\frontend_20260410_180320\node_modules\ajv-formats\package.json
C:\Users\andre\gridcheck\backups\frontend_20260410_180320\node_modules\ajv-formats\node_modules\ajv\package.json
C:\Users\andre\gridcheck\backups\frontend_20260410_180320\node_modules\ajv-formats\node_modules\json-schema-traverse\package.json
C:\Users\andre\gridcheck\backups\frontend_20260410_180320\node_modules\ansi-regex\package.json
C:\Users\andre\gridcheck\backups\frontend_20260410_180320\node_modules\ansi-styles\package.json
C:\Users\andre\gridcheck\backups\frontend_20260410_180320\node_modules\any-promise\package.json
C:\Users\andre\gridcheck\backups\frontend_20260410_180320\node_modules\anymatch\package.json
C:\Users\andre\gridcheck\backups\frontend_20260410_180320\node_modules\arg\package.json
C:\Users\andre\gridcheck\backups\frontend_20260410_180320\node_modules\argparse\package.json
C:\Users\andre\gridcheck\backups\frontend_20260410_180320\node_modules\aria-hidden\package.json
C:\Users\andre\gridcheck\backups\frontend_20260410_180320\node_modules\aria-query\package.json
C:\Users\andre\gridcheck\backups\frontend_20260410_180320\node_modules\array-buffer-byte-length\package.json
C:\Users\andre\gridcheck\backups\frontend_20260410_180320\node_modules\array-includes\package.json
C:\Users\andre\gridcheck\backups\frontend_20260410_180320\node_modules\array.prototype.findlast\package.json
C:\Users\andre\gridcheck\backups\frontend_20260410_180320\node_modules\array.prototype.findlastindex\package.json
C:\Users\andre\gridcheck\backups\frontend_20260410_180320\node_modules\array.prototype.flat\package.json
C:\Users\andre\gridcheck\backups\frontend_20260410_180320\node_modules\array.prototype.flatmap\package.json
C:\Users\andre\gridcheck\backups\frontend_20260410_180320\node_modules\array.prototype.tosorted\package.json
C:\Users\andre\gridcheck\backups\frontend_20260410_180320\node_modules\arraybuffer.prototype.slice\package.json
C:\Users\andre\gridcheck\backups\frontend_20260410_180320\node_modules\ast-types\package.json
C:\Users\andre\gridcheck\backups\frontend_20260410_180320\node_modules\ast-types-flow\package.json
C:\Users\andre\gridcheck\backups\frontend_20260410_180320\node_modules\async-function\package.json
C:\Users\andre\gridcheck\backups\frontend_20260410_180320\node_modules\available-typed-arrays\package.json
C:\Users\andre\gridcheck\backups\frontend_20260410_180320\node_modules\aws-ssl-profiles\package.json
C:\Users\andre\gridcheck\backups\frontend_20260410_180320\node_modules\axe-core\package.json
C:\Users\andre\gridcheck\backups\frontend_20260410_180320\node_modules\axobject-query\package.json
C:\Users\andre\gridcheck\backups\frontend_20260410_180320\node_modules\balanced-match\package.json
C:\Users\andre\gridcheck\backups\frontend_20260410_180320\node_modules\baseline-browser-mapping\package.json
C:\Users\andre\gridcheck\backups\frontend_20260410_180320\node_modules\better-result\package.json
C:\Users\andre\gridcheck\backups\frontend_20260410_180320\node_modules\binary-extensions\package.json
C:\Users\andre\gridcheck\backups\frontend_20260410_180320\node_modules\body-parser\package.json
C:\Users\andre\gridcheck\backups\frontend_20260410_180320\node_modules\brace-expansion\package.json
C:\Users\andre\gridcheck\backups\frontend_20260410_180320\node_modules\braces\package.json
C:\Users\andre\gridcheck\backups\frontend_20260410_180320\node_modules\browserslist\package.json
C:\Users\andre\gridcheck\backups\frontend_20260410_180320\node_modules\bundle-name\package.json
C:\Users\andre\gridcheck\backups\frontend_20260410_180320\node_modules\busboy\package.json
C:\Users\andre\gridcheck\backups\frontend_20260410_180320\node_modules\bytes\package.json
C:\Users\andre\gridcheck\backups\frontend_20260410_180320\node_modules\c12\package.json
C:\Users\andre\gridcheck\backups\frontend_20260410_180320\node_modules\c12\node_modules\chokidar\package.json
C:\Users\andre\gridcheck\backups\frontend_20260410_180320\node_modules\c12\node_modules\chokidar\esm\package.json
C:\Users\andre\gridcheck\backups\frontend_20260410_180320\node_modules\c12\node_modules\jiti\package.json
C:\Users\andre\gridcheck\backups\frontend_20260410_180320\node_modules\c12\node_modules\readdirp\package.json
C:\Users\andre\gridcheck\backups\frontend_20260410_180320\node_modules\c12\node_modules\readdirp\esm\package.json
C:\Users\andre\gridcheck\backups\frontend_20260410_180320\node_modules\call-bind\package.json
C:\Users\andre\gridcheck\backups\frontend_20260410_180320\node_modules\call-bind-apply-helpers\package.json
C:\Users\andre\gridcheck\backups\frontend_20260410_180320\node_modules\call-bound\package.json
C:\Users\andre\gridcheck\backups\frontend_20260410_180320\node_modules\callsites\package.json
C:\Users\andre\gridcheck\backups\frontend_20260410_180320\node_modules\camelcase-css\package.json
C:\Users\andre\gridcheck\backups\frontend_20260410_180320\node_modules\caniuse-lite\package.json
C:\Users\andre\gridcheck\backups\frontend_20260416_000717\package.json
C:\Users\andre\gridcheck\backups\frontend_20260416_000717\node_modules\.vite\deps\package.json
C:\Users\andre\gridcheck\backups\frontend_20260416_000717\node_modules\@alloc\quick-lru\package.json
C:\Users\andre\gridcheck\backups\frontend_20260416_000717\node_modules\@babel\code-frame\package.json
C:\Users\andre\gridcheck\backups\frontend_20260416_000717\node_modules\@babel\compat-data\package.json
C:\Users\andre\gridcheck\backups\frontend_20260416_000717\node_modules\@babel\core\package.json
C:\Users\andre\gridcheck\backups\frontend_20260416_000717\node_modules\@babel\generator\package.json
C:\Users\andre\gridcheck\backups\frontend_20260416_000717\node_modules\@babel\helper-compilation-targets\package.json
C:\Users\andre\gridcheck\backups\frontend_20260416_000717\node_modules\@babel\helper-globals\package.json
C:\Users\andre\gridcheck\backups\frontend_20260416_000717\node_modules\@babel\helper-module-imports\package.json
C:\Users\andre\gridcheck\backups\frontend_20260416_000717\node_modules\@babel\helper-module-transforms\package.json
C:\Users\andre\gridcheck\backups\frontend_20260416_000717\node_modules\@babel\helper-string-parser\package.json
C:\Users\andre\gridcheck\backups\frontend_20260416_000717\node_modules\@babel\helper-validator-identifier\package.json
C:\Users\andre\gridcheck\backups\frontend_20260416_000717\node_modules\@babel\helper-validator-option\package.json
C:\Users\andre\gridcheck\backups\frontend_20260416_000717\node_modules\@babel\helpers\package.json
C:\Users\andre\gridcheck\backups\frontend_20260416_000717\node_modules\@babel\parser\package.json
C:\Users\andre\gridcheck\backups\frontend_20260416_000717\node_modules\@babel\template\package.json
C:\Users\andre\gridcheck\backups\frontend_20260416_000717\node_modules\@babel\traverse\package.json
C:\Users\andre\gridcheck\backups\frontend_20260416_000717\node_modules\@babel\types\package.json
C:\Users\andre\gridcheck\backups\frontend_20260416_000717\node_modules\@eslint\config-array\package.json
C:\Users\andre\gridcheck\backups\frontend_20260416_000717\node_modules\@eslint\config-helpers\package.json
C:\Users\andre\gridcheck\backups\frontend_20260416_000717\node_modules\@eslint\core\package.json
C:\Users\andre\gridcheck\backups\frontend_20260416_000717\node_modules\@eslint\eslintrc\package.json
C:\Users\andre\gridcheck\backups\frontend_20260416_000717\node_modules\@eslint\eslintrc\node_modules\globals\package.json
C:\Users\andre\gridcheck\backups\frontend_20260416_000717\node_modules\@eslint\js\package.json
C:\Users\andre\gridcheck\backups\frontend_20260416_000717\node_modules\@eslint\object-schema\package.json
C:\Users\andre\gridcheck\backups\frontend_20260416_000717\node_modules\@eslint\plugin-kit\package.json
C:\Users\andre\gridcheck\backups\frontend_20260416_000717\node_modules\@eslint-community\eslint-utils\package.json
C:\Users\andre\gridcheck\backups\frontend_20260416_000717\node_modules\@eslint-community\eslint-utils\node_modules\eslint-visitor-keys\package....
C:\Users\andre\gridcheck\backups\frontend_20260416_000717\node_modules\@eslint-community\regexpp\package.json
C:\Users\andre\gridcheck\backups\frontend_20260416_000717\node_modules\@hookform\resolvers\package.json
C:\Users\andre\gridcheck\backups\frontend_20260416_000717\node_modules\@hookform\resolvers\ajv\package.json
C:\Users\andre\gridcheck\backups\frontend_20260416_000717\node_modules\@hookform\resolvers\arktype\package.json
C:\Users\andre\gridcheck\backups\frontend_20260416_000717\node_modules\@hookform\resolvers\class-validator\package.json
C:\Users\andre\gridcheck\backups\frontend_20260416_000717\node_modules\@hookform\resolvers\computed-types\package.json
C:\Users\andre\gridcheck\backups\frontend_20260416_000717\node_modules\@hookform\resolvers\effect-ts\package.json
C:\Users\andre\gridcheck\backups\frontend_20260416_000717\node_modules\@hookform\resolvers\fluentvalidation-ts\package.json
C:\Users\andre\gridcheck\backups\frontend_20260416_000717\node_modules\@hookform\resolvers\io-ts\package.json
C:\Users\andre\gridcheck\backups\frontend_20260416_000717\node_modules\@hookform\resolvers\joi\package.json
C:\Users\andre\gridcheck\backups\frontend_20260416_000717\node_modules\@hookform\resolvers\nope\package.json
C:\Users\andre\gridcheck\backups\frontend_20260416_000717\node_modules\@hookform\resolvers\standard-schema\package.json
C:\Users\andre\gridcheck\backups\frontend_20260416_000717\node_modules\@hookform\resolvers\superstruct\package.json
C:\Users\andre\gridcheck\backups\frontend_20260416_000717\node_modules\@hookform\resolvers\typanion\package.json
C:\Users\andre\gridcheck\backups\frontend_20260416_000717\node_modules\@hookform\resolvers\typebox\package.json
C:\Users\andre\gridcheck\backups\frontend_20260416_000717\node_modules\@hookform\resolvers\typeschema\package.json
C:\Users\andre\gridcheck\backups\frontend_20260416_000717\node_modules\@hookform\resolvers\valibot\package.json
C:\Users\andre\gridcheck\backups\frontend_20260416_000717\node_modules\@hookform\resolvers\vest\package.json
C:\Users\andre\gridcheck\backups\frontend_20260416_000717\node_modules\@hookform\resolvers\vine\package.json
C:\Users\andre\gridcheck\backups\frontend_20260416_000717\node_modules\@hookform\resolvers\yup\package.json
C:\Users\andre\gridcheck\backups\frontend_20260416_000717\node_modules\@hookform\resolvers\zod\package.json
C:\Users\andre\gridcheck\backups\frontend_20260416_000717\node_modules\@humanfs\core\package.json
C:\Users\andre\gridcheck\backups\frontend_20260416_000717\node_modules\@humanfs\node\package.json
C:\Users\andre\gridcheck\backups\frontend_20260416_000717\node_modules\@humanwhocodes\module-importer\package.json
C:\Users\andre\gridcheck\backups\frontend_20260416_000717\node_modules\@humanwhocodes\retry\package.json
C:\Users\andre\gridcheck\backups\frontend_20260416_000717\node_modules\@jridgewell\gen-mapping\package.json
C:\Users\andre\gridcheck\backups\frontend_20260416_000717\node_modules\@jridgewell\remapping\package.json
C:\Users\andre\gridcheck\backups\frontend_20260416_000717\node_modules\@jridgewell\resolve-uri\package.json
C:\Users\andre\gridcheck\backups\frontend_20260416_000717\node_modules\@jridgewell\sourcemap-codec\package.json
C:\Users\andre\gridcheck\backups\frontend_20260416_000717\node_modules\@jridgewell\trace-mapping\package.json
C:\Users\andre\gridcheck\backups\frontend_20260416_000717\node_modules\@nodelib\fs.scandir\package.json
C:\Users\andre\gridcheck\backups\frontend_20260416_000717\node_modules\@nodelib\fs.stat\package.json
C:\Users\andre\gridcheck\backups\frontend_20260416_000717\node_modules\@nodelib\fs.walk\package.json
C:\Users\andre\gridcheck\backups\frontend_20260416_000717\node_modules\@oxc-project\types\package.json
C:\Users\andre\gridcheck\backups\frontend_20260416_000717\node_modules\@radix-ui\primitive\package.json
C:\Users\andre\gridcheck\backups\frontend_20260416_000717\node_modules\@radix-ui\react-collection\package.json
C:\Users\andre\gridcheck\backups\frontend_20260416_000717\node_modules\@radix-ui\react-collection\node_modules\@radix-ui\react-slot\package.json
C:\Users\andre\gridcheck\backups\frontend_20260416_000717\node_modules\@radix-ui\react-compose-refs\package.json
C:\Users\andre\gridcheck\backups\frontend_20260416_000717\node_modules\@radix-ui\react-context\package.json
C:\Users\andre\gridcheck\backups\frontend_20260416_000717\node_modules\@radix-ui\react-dialog\package.json
C:\Users\andre\gridcheck\backups\frontend_20260416_000717\node_modules\@radix-ui\react-dialog\node_modules\@radix-ui\react-slot\package.json
C:\Users\andre\gridcheck\backups\frontend_20260416_000717\node_modules\@radix-ui\react-direction\package.json
C:\Users\andre\gridcheck\backups\frontend_20260416_000717\node_modules\@radix-ui\react-dismissable-layer\package.json
C:\Users\andre\gridcheck\backups\frontend_20260416_000717\node_modules\@radix-ui\react-focus-guards\package.json
C:\Users\andre\gridcheck\backups\frontend_20260416_000717\node_modules\@radix-ui\react-focus-scope\package.json
C:\Users\andre\gridcheck\backups\frontend_20260416_000717\node_modules\@radix-ui\react-id\package.json
C:\Users\andre\gridcheck\backups\frontend_20260416_000717\node_modules\@radix-ui\react-portal\package.json
C:\Users\andre\gridcheck\backups\frontend_20260416_000717\node_modules\@radix-ui\react-presence\package.json
C:\Users\andre\gridcheck\backups\frontend_20260416_000717\node_modules\@radix-ui\react-primitive\package.json
C:\Users\andre\gridcheck\backups\frontend_20260416_000717\node_modules\@radix-ui\react-primitive\node_modules\@radix-ui\react-slot\package.json
C:\Users\andre\gridcheck\backups\frontend_20260416_000717\node_modules\@radix-ui\react-progress\package.json
C:\Users\andre\gridcheck\backups\frontend_20260416_000717\node_modules\@radix-ui\react-progress\node_modules\@radix-ui\react-context\package.json
C:\Users\andre\gridcheck\backups\frontend_20260416_000717\node_modules\@radix-ui\react-progress\node_modules\@radix-ui\react-primitive\package....
C:\Users\andre\gridcheck\backups\frontend_20260416_000717\node_modules\@radix-ui\react-roving-focus\package.json
C:\Users\andre\gridcheck\backups\frontend_20260416_000717\node_modules\@radix-ui\react-slot\package.json
C:\Users\andre\gridcheck\backups\frontend_20260416_000717\node_modules\@radix-ui\react-tabs\package.json
C:\Users\andre\gridcheck\backups\frontend_20260416_000717\node_modules\@radix-ui\react-use-callback-ref\package.json
C:\Users\andre\gridcheck\backups\frontend_20260416_000717\node_modules\@radix-ui\react-use-controllable-state\package.json
C:\Users\andre\gridcheck\backups\frontend_20260416_000717\node_modules\@radix-ui\react-use-effect-event\package.json
C:\Users\andre\gridcheck\backups\frontend_20260416_000717\node_modules\@radix-ui\react-use-escape-keydown\package.json
C:\Users\andre\gridcheck\backups\frontend_20260416_000717\node_modules\@radix-ui\react-use-layout-effect\package.json
C:\Users\andre\gridcheck\backups\frontend_20260416_000717\node_modules\@reduxjs\toolkit\package.json
C:\Users\andre\gridcheck\backups\frontend_20260416_000717\node_modules\@reduxjs\toolkit\node_modules\immer\package.json
C:\Users\andre\gridcheck\backups\frontend_20260416_000717\node_modules\@reduxjs\toolkit\query\package.json
C:\Users\andre\gridcheck\backups\frontend_20260416_000717\node_modules\@reduxjs\toolkit\query\react\package.json
C:\Users\andre\gridcheck\backups\frontend_20260416_000717\node_modules\@reduxjs\toolkit\react\package.json
C:\Users\andre\gridcheck\backups\frontend_20260416_000717\node_modules\@rolldown\binding-win32-x64-msvc\package.json
C:\Users\andre\gridcheck\backups\frontend_20260416_000717\node_modules\@rolldown\pluginutils\package.json
C:\Users\andre\gridcheck\backups\frontend_20260416_000717\node_modules\@standard-schema\spec\package.json
C:\Users\andre\gridcheck\backups\frontend_20260416_000717\node_modules\@standard-schema\utils\package.json
C:\Users\andre\gridcheck\backups\frontend_20260416_000717\node_modules\@tanstack\query-core\package.json
C:\Users\andre\gridcheck\backups\frontend_20260416_000717\node_modules\@tanstack\react-query\package.json
C:\Users\andre\gridcheck\backups\frontend_20260416_000717\node_modules\@tanstack\react-query\build\query-codemods\package.json
C:\Users\andre\gridcheck\backups\frontend_20260416_000717\node_modules\@types\d3-array\package.json
C:\Users\andre\gridcheck\backups\frontend_20260416_000717\node_modules\@types\d3-color\package.json
C:\Users\andre\gridcheck\backups\frontend_20260416_000717\node_modules\@types\d3-ease\package.json
C:\Users\andre\gridcheck\backups\frontend_20260416_000717\node_modules\@types\d3-interpolate\package.json
C:\Users\andre\gridcheck\backups\frontend_20260416_000717\node_modules\@types\d3-path\package.json
C:\Users\andre\gridcheck\backups\frontend_20260416_000717\node_modules\@types\d3-scale\package.json
C:\Users\andre\gridcheck\backups\frontend_20260416_000717\node_modules\@types\d3-shape\package.json
C:\Users\andre\gridcheck\backups\frontend_20260416_000717\node_modules\@types\d3-time\package.json
C:\Users\andre\gridcheck\backups\frontend_20260416_000717\node_modules\@types\d3-timer\package.json
C:\Users\andre\gridcheck\backups\frontend_20260416_000717\node_modules\@types\estree\package.json
C:\Users\andre\gridcheck\backups\frontend_20260416_000717\node_modules\@types\json-schema\package.json
C:\Users\andre\gridcheck\backups\frontend_20260416_000717\node_modules\@types\react\package.json
C:\Users\andre\gridcheck\backups\frontend_20260416_000717\node_modules\@types\react-dom\package.json
C:\Users\andre\gridcheck\backups\frontend_20260416_000717\node_modules\@types\use-sync-external-store\package.json
C:\Users\andre\gridcheck\backups\frontend_20260416_000717\node_modules\@vitejs\plugin-react\package.json
C:\Users\andre\gridcheck\backups\frontend_20260416_000717\node_modules\acorn\package.json
C:\Users\andre\gridcheck\backups\frontend_20260416_000717\node_modules\acorn-jsx\package.json
C:\Users\andre\gridcheck\backups\frontend_20260416_000717\node_modules\ajv\package.json
C:\Users\andre\gridcheck\backups\frontend_20260416_000717\node_modules\ansi-styles\package.json
C:\Users\andre\gridcheck\backups\frontend_20260416_000717\node_modules\any-promise\package.json
C:\Users\andre\gridcheck\backups\frontend_20260416_000717\node_modules\anymatch\package.json
C:\Users\andre\gridcheck\backups\frontend_20260416_000717\node_modules\anymatch\node_modules\picomatch\package.json
C:\Users\andre\gridcheck\backups\frontend_20260416_000717\node_modules\arg\package.json
C:\Users\andre\gridcheck\backups\frontend_20260416_000717\node_modules\argparse\package.json
C:\Users\andre\gridcheck\backups\frontend_20260416_000717\node_modules\aria-hidden\package.json
C:\Users\andre\gridcheck\backups\frontend_20260416_000717\node_modules\asynckit\package.json
C:\Users\andre\gridcheck\backups\frontend_20260416_000717\node_modules\autoprefixer\package.json
C:\Users\andre\gridcheck\backups\frontend_20260416_000717\node_modules\axios\package.json
C:\Users\andre\gridcheck\backups\frontend_20260416_000717\node_modules\balanced-match\package.json
C:\Users\andre\gridcheck\backups\frontend_20260416_000717\node_modules\baseline-browser-mapping\package.json
C:\Users\andre\gridcheck\backups\frontend_20260416_000717\node_modules\binary-extensions\package.json
C:\Users\andre\gridcheck\backups\frontend_20260416_000717\node_modules\brace-expansion\package.json
C:\Users\andre\gridcheck\backups\frontend_20260416_000717\node_modules\braces\package.json
C:\Users\andre\gridcheck\backups\frontend_20260416_000717\node_modules\browserslist\package.json
C:\Users\andre\gridcheck\backups\frontend_20260416_000717\node_modules\call-bind-apply-helpers\package.json
C:\Users\andre\gridcheck\backups\frontend_20260416_000717\node_modules\callsites\package.json
C:\Users\andre\gridcheck\backups\frontend_20260416_000717\node_modules\camelcase-css\package.json
C:\Users\andre\gridcheck\backups\frontend_20260416_000717\node_modules\caniuse-lite\package.json
C:\Users\andre\gridcheck\backups\frontend_20260416_000717\node_modules\chalk\package.json
C:\Users\andre\gridcheck\backups\frontend_20260416_000717\node_modules\chokidar\package.json
C:\Users\andre\gridcheck\backups\frontend_20260416_000717\node_modules\chokidar\node_modules\glob-parent\package.json
C:\Users\andre\gridcheck\backups\frontend_20260416_000717\node_modules\class-variance-authority\package.json
C:\Users\andre\gridcheck\backups\frontend_20260416_000717\node_modules\clsx\package.json
C:\Users\andre\gridcheck\backups\frontend_20260416_000717\node_modules\color-convert\package.json
C:\Users\andre\gridcheck\backups\frontend_20260416_000717\node_modules\color-name\package.json
C:\Users\andre\gridcheck\backups\frontend_20260416_000717\node_modules\combined-stream\package.json
C:\Users\andre\gridcheck\backups\frontend_20260416_000717\node_modules\commander\package.json
C:\Users\andre\gridcheck\backups\frontend_20260416_000717\node_modules\concat-map\package.json
C:\Users\andre\gridcheck\backups\frontend_20260416_000717\node_modules\convert-source-map\package.json
C:\Users\andre\gridcheck\backups\frontend_20260416_000717\node_modules\cookie\package.json
C:\Users\andre\gridcheck\backups\frontend_20260416_000717\node_modules\cross-spawn\package.json
C:\Users\andre\gridcheck\backups\frontend_20260416_000717\node_modules\cssesc\package.json
C:\Users\andre\gridcheck\backups\frontend_20260416_000717\node_modules\csstype\package.json
C:\Users\andre\gridcheck\backups\frontend_20260416_000717\node_modules\d3-array\package.json
C:\Users\andre\gridcheck\backups\frontend_20260416_000717\node_modules\d3-color\package.json
C:\Users\andre\gridcheck\backups\frontend_20260416_000717\node_modules\d3-ease\package.json
C:\Users\andre\gridcheck\backups\frontend_20260416_000717\node_modules\d3-format\package.json
C:\Users\andre\gridcheck\backups\frontend_20260416_000717\node_modules\d3-interpolate\package.json
C:\Users\andre\gridcheck\backups\frontend_20260416_000717\node_modules\d3-path\package.json
C:\Users\andre\gridcheck\backups\frontend_20260416_000717\node_modules\d3-scale\package.json
C:\Users\andre\gridcheck\backups\frontend_20260416_000717\node_modules\d3-shape\package.json
C:\Users\andre\gridcheck\backups\frontend_20260416_000717\node_modules\d3-time\package.json
C:\Users\andre\gridcheck\backups\frontend_20260416_000717\node_modules\d3-time-format\package.json
C:\Users\andre\gridcheck\backups\frontend_20260416_000717\node_modules\d3-timer\package.json
C:\Users\andre\gridcheck\backups\frontend_20260416_000717\node_modules\debug\package.json
C:\Users\andre\gridcheck\backups\frontend_20260416_000717\node_modules\decimal.js-light\package.json
C:\Users\andre\gridcheck\backups\frontend_20260416_000717\node_modules\deep-is\package.json
C:\Users\andre\gridcheck\backups\frontend_20260416_000717\node_modules\delayed-stream\package.json
C:\Users\andre\gridcheck\backups\frontend_20260416_000717\node_modules\detect-libc\package.json
C:\Users\andre\gridcheck\backups\frontend_20260416_000717\node_modules\detect-node-es\package.json
C:\Users\andre\gridcheck\backups\frontend_20260416_000717\node_modules\didyoumean\package.json
C:\Users\andre\gridcheck\backups\frontend_20260416_000717\node_modules\dlv\package.json
C:\Users\andre\gridcheck\backups\frontend_20260416_000717\node_modules\dunder-proto\package.json
C:\Users\andre\gridcheck\backups\frontend_20260416_000717\node_modules\electron-to-chromium\package.json
C:\Users\andre\gridcheck\backups\frontend_20260416_000717\node_modules\es-define-property\package.json
C:\Users\andre\gridcheck\backups\frontend_20260416_000717\node_modules\es-errors\package.json
C:\Users\andre\gridcheck\backups\frontend_20260416_000717\node_modules\es-object-atoms\package.json
C:\Users\andre\gridcheck\backups\frontend_20260416_000717\node_modules\es-set-tostringtag\package.json
C:\Users\andre\gridcheck\backups\frontend_20260416_000717\node_modules\es-toolkit\package.json
C:\Users\andre\gridcheck\backups\frontend_20260416_000717\node_modules\escalade\package.json
C:\Users\andre\gridcheck\backups\frontend_20260416_000717\node_modules\escape-string-regexp\package.json
C:\Users\andre\gridcheck\backups\frontend_20260416_000717\node_modules\eslint\package.json
C:\Users\andre\gridcheck\backups\frontend_20260416_000717\node_modules\eslint-plugin-react-hooks\package.json
C:\Users\andre\gridcheck\backups\frontend_20260416_000717\node_modules\eslint-plugin-react-refresh\package.json
C:\Users\andre\gridcheck\backups\frontend_20260416_000717\node_modules\eslint-scope\package.json
C:\Users\andre\gridcheck\backups\frontend_20260416_000717\node_modules\eslint-visitor-keys\package.json
C:\Users\andre\gridcheck\backups\frontend_20260416_000717\node_modules\espree\package.json
C:\Users\andre\gridcheck\backups\frontend_20260416_000717\node_modules\esquery\package.json
C:\Users\andre\gridcheck\backups\frontend_20260416_000717\node_modules\esrecurse\package.json
C:\Users\andre\gridcheck\backups\frontend_20260416_000717\node_modules\estraverse\package.json
C:\Users\andre\gridcheck\backups\frontend_20260416_000717\node_modules\esutils\package.json
C:\Users\andre\gridcheck\backups\frontend_20260416_000717\node_modules\eventemitter3\package.json
C:\Users\andre\gridcheck\backups\frontend_20260416_000717\node_modules\fast-deep-equal\package.json
C:\Users\andre\gridcheck\backups\frontend_20260416_000717\node_modules\fast-glob\package.json
C:\Users\andre\gridcheck\backups\frontend_20260416_000717\node_modules\fast-glob\node_modules\glob-parent\package.json
C:\Users\andre\gridcheck\backups\frontend_20260416_000717\node_modules\fast-json-stable-stringify\package.json
C:\Users\andre\gridcheck\backups\frontend_20260416_000717\node_modules\fast-levenshtein\package.json
C:\Users\andre\gridcheck\backups\frontend_20260416_000717\node_modules\fastq\package.json
C:\Users\andre\gridcheck\backups\frontend_20260416_000717\node_modules\fdir\package.json
C:\Users\andre\gridcheck\backups\frontend_20260416_000717\node_modules\file-entry-cache\package.json
C:\Users\andre\gridcheck\backups\frontend_20260416_000717\node_modules\fill-range\package.json
C:\Users\andre\gridcheck\backups\frontend_20260416_000717\node_modules\find-up\package.json
C:\Users\andre\gridcheck\backups\frontend_20260416_000717\node_modules\flat-cache\package.json
C:\Users\andre\gridcheck\backups\frontend_20260416_000717\node_modules\flatted\package.json
C:\Users\andre\gridcheck\backups\frontend_20260416_000717\node_modules\flatted\cjs\package.json
C:\Users\andre\gridcheck\backups\frontend_20260416_000717\node_modules\follow-redirects\package.json
C:\Users\andre\gridcheck\backups\frontend_20260416_000717\node_modules\form-data\package.json
C:\Users\andre\gridcheck\backups\frontend_20260416_000717\node_modules\fraction.js\package.json
C:\Users\andre\gridcheck\backups\frontend_20260416_000717\node_modules\function-bind\package.json
C:\Users\andre\gridcheck\backups\frontend_20260416_000717\node_modules\gensync\package.json
C:\Users\andre\gridcheck\backups\frontend_20260416_000717\node_modules\get-intrinsic\package.json
C:\Users\andre\gridcheck\backups\frontend_20260416_000717\node_modules\get-nonce\package.json
C:\Users\andre\gridcheck\backups\frontend_20260416_000717\node_modules\get-proto\package.json
C:\Users\andre\gridcheck\backups\frontend_20260416_000717\node_modules\glob-parent\package.json
C:\Users\andre\gridcheck\backups\frontend_20260416_000717\node_modules\globals\package.json
C:\Users\andre\gridcheck\backups\frontend_20260416_000717\node_modules\gopd\package.json
C:\Users\andre\gridcheck\backups\frontend_20260416_000717\node_modules\has-flag\package.json
C:\Users\andre\gridcheck\backups\frontend_20260416_000717\node_modules\has-symbols\package.json
C:\Users\andre\gridcheck\backups\frontend_20260416_000717\node_modules\has-tostringtag\package.json
C:\Users\andre\gridcheck\backups\frontend_20260416_000717\node_modules\hasown\package.json
C:\Users\andre\gridcheck\backups\frontend_20260416_000717\node_modules\hermes-estree\package.json
C:\Users\andre\gridcheck\backups\frontend_20260416_000717\node_modules\hermes-parser\package.json
C:\Users\andre\gridcheck\backups\frontend_20260416_000717\node_modules\ignore\package.json
C:\Users\andre\gridcheck\backups\frontend_20260416_000717\node_modules\immer\package.json
C:\Users\andre\gridcheck\backups\frontend_20260416_000717\node_modules\import-fresh\package.json
C:\Users\andre\gridcheck\backups\frontend_20260416_000717\node_modules\imurmurhash\package.json
C:\Users\andre\gridcheck\backups\frontend_20260416_000717\node_modules\internmap\package.json
C:\Users\andre\gridcheck\backups\frontend_20260416_000717\node_modules\is-binary-path\package.json
C:\Users\andre\gridcheck\backups\frontend_20260416_000717\node_modules\is-core-module\package.json
C:\Users\andre\gridcheck\backups\frontend_20260416_000717\node_modules\is-extglob\package.json
C:\Users\andre\gridcheck\backups\frontend_20260416_000717\node_modules\is-glob\package.json
C:\Users\andre\gridcheck\backups\frontend_20260416_000717\node_modules\is-number\package.json
C:\Users\andre\gridcheck\backups\frontend_20260416_000717\node_modules\isexe\package.json
C:\Users\andre\gridcheck\backups\frontend_20260416_000717\node_modules\jiti\package.json
C:\Users\andre\gridcheck\backups\frontend_20260416_000717\node_modules\js-tokens\package.json
C:\Users\andre\gridcheck\backups\frontend_20260416_000717\node_modules\js-yaml\package.json
C:\Users\andre\gridcheck\backups\frontend_20260416_000717\node_modules\jsesc\package.json
C:\Users\andre\gridcheck\backups\frontend_20260416_000717\node_modules\json-buffer\package.json
C:\Users\andre\gridcheck\backups\frontend_20260416_000717\node_modules\json-schema-traverse\package.json
C:\Users\andre\gridcheck\backups\frontend_20260416_000717\node_modules\json-stable-stringify-without-jsonify\package.json
C:\Users\andre\gridcheck\backups\frontend_20260416_000717\node_modules\json5\package.json
C:\Users\andre\gridcheck\backups\frontend_20260416_000717\node_modules\keyv\package.json
C:\Users\andre\gridcheck\backups\frontend_20260416_000717\node_modules\levn\package.json
C:\Users\andre\gridcheck\backups\frontend_20260416_000717\node_modules\lightningcss\package.json
C:\Users\andre\gridcheck\backups\frontend_20260416_000717\node_modules\lightningcss-win32-x64-msvc\package.json
C:\Users\andre\gridcheck\backups\frontend_20260416_000717\node_modules\lilconfig\package.json
C:\Users\andre\gridcheck\backups\frontend_20260416_000717\node_modules\lines-and-columns\package.json
C:\Users\andre\gridcheck\backups\frontend_20260416_000717\node_modules\locate-path\package.json
C:\Users\andre\gridcheck\backups\frontend_20260416_000717\node_modules\lodash.merge\package.json
C:\Users\andre\gridcheck\backups\frontend_20260416_000717\node_modules\lru-cache\package.json
C:\Users\andre\gridcheck\backups\frontend_20260416_000717\node_modules\lucide-react\package.json
C:\Users\andre\gridcheck\backups\frontend_20260416_000717\node_modules\math-intrinsics\package.json
C:\Users\andre\gridcheck\backups\frontend_20260416_000717\node_modules\merge2\package.json
C:\Users\andre\gridcheck\backups\frontend_20260416_000717\node_modules\micromatch\package.json
C:\Users\andre\gridcheck\backups\frontend_20260416_000717\node_modules\micromatch\node_modules\picomatch\package.json
C:\Users\andre\gridcheck\backups\frontend_20260416_000717\node_modules\mime-db\package.json
C:\Users\andre\gridcheck\backups\frontend_20260416_000717\node_modules\mime-types\package.json
C:\Users\andre\gridcheck\backups\frontend_20260416_000717\node_modules\minimatch\package.json
C:\Users\andre\gridcheck\backups\frontend_20260416_000717\node_modules\ms\package.json
C:\Users\andre\gridcheck\backups\frontend_20260416_000717\node_modules\mz\package.json
C:\Users\andre\gridcheck\backups\frontend_20260416_000717\node_modules\nanoid\package.json
C:\Users\andre\gridcheck\backups\frontend_20260416_000717\node_modules\nanoid\async\package.json
C:\Users\andre\gridcheck\backups\frontend_20260416_000717\node_modules\nanoid\non-secure\package.json
C:\Users\andre\gridcheck\backups\frontend_20260416_000717\node_modules\nanoid\url-alphabet\package.json
C:\Users\andre\gridcheck\backups\frontend_20260416_000717\node_modules\natural-compare\package.json
C:\Users\andre\gridcheck\backups\frontend_20260416_000717\node_modules\node-releases\package.json
C:\Users\andre\gridcheck\backups\frontend_20260416_000717\node_modules\normalize-path\package.json
C:\Users\andre\gridcheck\backups\frontend_20260416_000717\node_modules\object-assign\package.json
C:\Users\andre\gridcheck\backups\frontend_20260416_000717\node_modules\object-hash\package.json
C:\Users\andre\gridcheck\backups\frontend_20260416_000717\node_modules\optionator\package.json
C:\Users\andre\gridcheck\backups\frontend_20260416_000717\node_modules\p-limit\package.json
C:\Users\andre\gridcheck\backups\frontend_20260416_000717\node_modules\p-locate\package.json
C:\Users\andre\gridcheck\backups\frontend_20260416_000717\node_modules\parent-module\package.json
C:\Users\andre\gridcheck\backups\frontend_20260416_000717\node_modules\path-exists\package.json
C:\Users\andre\gridcheck\backups\frontend_20260416_000717\node_modules\path-key\package.json
C:\Users\andre\gridcheck\backups\frontend_20260416_000717\node_modules\path-parse\package.json
C:\Users\andre\gridcheck\backups\frontend_20260416_000717\node_modules\picocolors\package.json
C:\Users\andre\gridcheck\backups\frontend_20260416_000717\node_modules\picomatch\package.json
C:\Users\andre\gridcheck\backups\frontend_20260416_000717\node_modules\pify\package.json
C:\Users\andre\gridcheck\backups\frontend_20260416_000717\node_modules\pirates\package.json
C:\Users\andre\gridcheck\backups\frontend_20260416_000717\node_modules\postcss\package.json
C:\Users\andre\gridcheck\backups\frontend_20260416_000717\node_modules\postcss-import\package.json
C:\Users\andre\gridcheck\backups\frontend_20260416_000717\node_modules\postcss-js\package.json
C:\Users\andre\gridcheck\backups\frontend_20260416_000717\node_modules\postcss-load-config\package.json
C:\Users\andre\gridcheck\backups\frontend_20260416_000717\node_modules\postcss-nested\package.json
C:\Users\andre\gridcheck\backups\frontend_20260416_000717\node_modules\postcss-selector-parser\package.json
C:\Users\andre\gridcheck\backups\frontend_20260416_000717\node_modules\postcss-value-parser\package.json
C:\Users\andre\gridcheck\backups\frontend_20260416_000717\node_modules\prelude-ls\package.json
C:\Users\andre\gridcheck\backups\frontend_20260416_000717\node_modules\proxy-from-env\package.json
C:\Users\andre\gridcheck\backups\frontend_20260416_000717\node_modules\punycode\package.json
C:\Users\andre\gridcheck\backups\frontend_20260416_000717\node_modules\queue-microtask\package.json
C:\Users\andre\gridcheck\backups\frontend_20260416_000717\node_modules\react\package.json
C:\Users\andre\gridcheck\backups\frontend_20260416_000717\node_modules\react-dom\package.json
C:\Users\andre\gridcheck\backups\frontend_20260416_000717\node_modules\react-hook-form\package.json
C:\Users\andre\gridcheck\backups\frontend_20260416_000717\node_modules\react-is\package.json
C:\Users\andre\gridcheck\backups\frontend_20260416_000717\node_modules\react-redux\package.json
C:\Users\andre\gridcheck\backups\frontend_20260416_000717\node_modules\react-remove-scroll\package.json
C:\Users\andre\gridcheck\backups\frontend_20260416_000717\node_modules\react-remove-scroll\sidecar\package.json
C:\Users\andre\gridcheck\backups\frontend_20260416_000717\node_modules\react-remove-scroll\UI\package.json
C:\Users\andre\gridcheck\backups\frontend_20260416_000717\node_modules\react-remove-scroll-bar\package.json
C:\Users\andre\gridcheck\backups\frontend_20260416_000717\node_modules\react-remove-scroll-bar\constants\package.json
C:\Users\andre\gridcheck\backups\frontend_20260416_000717\node_modules\react-router\package.json
C:\Users\andre\gridcheck\backups\frontend_20260416_000717\node_modules\react-router-dom\package.json
C:\Users\andre\gridcheck\backups\frontend_20260416_000717\node_modules\react-style-singleton\package.json
C:\Users\andre\gridcheck\backups\frontend_20260416_000717\node_modules\read-cache\package.json
C:\Users\andre\gridcheck\backups\frontend_20260416_000717\node_modules\readdirp\package.json
C:\Users\andre\gridcheck\backups\frontend_20260416_000717\node_modules\readdirp\node_modules\picomatch\package.json
C:\Users\andre\gridcheck\backups\frontend_20260416_000717\node_modules\recharts\package.json
C:\Users\andre\gridcheck\backups\frontend_20260416_000717\node_modules\redux\package.json
C:\Users\andre\gridcheck\backups\frontend_20260416_000717\node_modules\redux-thunk\package.json
C:\Users\andre\gridcheck\backups\frontend_20260416_000717\node_modules\reselect\package.json
C:\Users\andre\gridcheck\backups\frontend_20260416_000717\node_modules\resolve\package.json
C:\Users\andre\gridcheck\backups\frontend_20260416_000717\node_modules\resolve\test\module_dir\zmodules\bbb\package.json
C:\Users\andre\gridcheck\backups\frontend_20260416_000717\node_modules\resolve\test\resolver\baz\package.json
C:\Users\andre\gridcheck\backups\frontend_20260416_000717\node_modules\resolve\test\resolver\browser_field\package.json
C:\Users\andre\gridcheck\backups\frontend_20260416_000717\node_modules\resolve\test\resolver\dot_main\package.json
C:\Users\andre\gridcheck\backups\frontend_20260416_000717\node_modules\resolve\test\resolver\dot_slash_main\package.json
C:\Users\andre\gridcheck\backups\frontend_20260416_000717\node_modules\resolve\test\resolver\false_main\package.json
C:\Users\andre\gridcheck\backups\frontend_20260416_000717\node_modules\resolve\test\resolver\incorrect_main\package.json
C:\Users\andre\gridcheck\backups\frontend_20260416_000717\node_modules\resolve\test\resolver\invalid_main\package.json
C:\Users\andre\gridcheck\backups\frontend_20260416_000717\node_modules\resolve\test\resolver\multirepo\package.json
C:\Users\andre\gridcheck\backups\frontend_20260416_000717\node_modules\resolve\test\resolver\multirepo\packages\package-a\package.json
C:\Users\andre\gridcheck\backups\frontend_20260416_000717\node_modules\resolve\test\resolver\multirepo\packages\package-b\package.json
C:\Users\andre\gridcheck\backups\frontend_20260416_000717\node_modules\resolve\test\resolver\nested_symlinks\mylib\package.json
C:\Users\andre\gridcheck\backups\frontend_20260416_000717\node_modules\resolve\test\resolver\symlinked\package\package.json
C:\Users\andre\gridcheck\backups\frontend_20260416_000717\node_modules\resolve-from\package.json
C:\Users\andre\gridcheck\backups\frontend_20260416_000717\node_modules\reusify\package.json
C:\Users\andre\gridcheck\backups\frontend_20260416_000717\node_modules\rolldown\package.json
C:\Users\andre\gridcheck\backups\frontend_20260416_000717\node_modules\rolldown\node_modules\@rolldown\pluginutils\package.json
C:\Users\andre\gridcheck\backups\frontend_20260416_000717\node_modules\run-parallel\package.json
C:\Users\andre\gridcheck\backups\frontend_20260416_000717\node_modules\scheduler\package.json
C:\Users\andre\gridcheck\backups\frontend_20260416_000717\node_modules\semver\package.json
C:\Users\andre\gridcheck\backups\frontend_20260416_000717\node_modules\set-cookie-parser\package.json
C:\Users\andre\gridcheck\backups\frontend_20260416_000717\node_modules\shebang-command\package.json
C:\Users\andre\gridcheck\backups\frontend_20260416_000717\node_modules\shebang-regex\package.json
C:\Users\andre\gridcheck\backups\frontend_20260416_000717\node_modules\source-map-js\package.json
C:\Users\andre\gridcheck\backups\frontend_20260416_000717\node_modules\strip-json-comments\package.json
C:\Users\andre\gridcheck\backups\frontend_20260416_000717\node_modules\sucrase\package.json
C:\Users\andre\gridcheck\backups\frontend_20260416_000717\node_modules\supports-color\package.json
C:\Users\andre\gridcheck\backups\frontend_20260416_000717\node_modules\supports-preserve-symlinks-flag\package.json
C:\Users\andre\gridcheck\backups\frontend_20260416_000717\node_modules\tailwind-merge\package.json
C:\Users\andre\gridcheck\backups\frontend_20260416_000717\node_modules\tailwindcss\package.json
C:\Users\andre\gridcheck\backups\frontend_20260416_000717\node_modules\thenify\package.json
C:\Users\andre\gridcheck\backups\frontend_20260416_000717\node_modules\thenify-all\package.json
C:\Users\andre\gridcheck\backups\frontend_20260416_000717\node_modules\tiny-invariant\package.json
C:\Users\andre\gridcheck\backups\frontend_20260416_000717\node_modules\tiny-invariant\dist\esm\package.json
C:\Users\andre\gridcheck\backups\frontend_20260416_000717\node_modules\tinyglobby\package.json
C:\Users\andre\gridcheck\backups\frontend_20260416_000717\node_modules\to-regex-range\package.json
C:\Users\andre\gridcheck\backups\frontend_20260416_000717\node_modules\ts-interface-checker\package.json
C:\Users\andre\gridcheck\backups\frontend_20260416_000717\node_modules\tslib\package.json
C:\Users\andre\gridcheck\backups\frontend_20260416_000717\node_modules\tslib\modules\package.json
C:\Users\andre\gridcheck\backups\frontend_20260416_000717\node_modules\type-check\package.json
C:\Users\andre\gridcheck\backups\frontend_20260416_000717\node_modules\update-browserslist-db\package.json
C:\Users\andre\gridcheck\backups\frontend_20260416_000717\node_modules\uri-js\package.json
C:\Users\andre\gridcheck\backups\frontend_20260416_000717\node_modules\use-callback-ref\package.json
C:\Users\andre\gridcheck\backups\frontend_20260416_000717\node_modules\use-sidecar\package.json
C:\Users\andre\gridcheck\backups\frontend_20260416_000717\node_modules\use-sync-external-store\package.json
C:\Users\andre\gridcheck\backups\frontend_20260416_000717\node_modules\util-deprecate\package.json
C:\Users\andre\gridcheck\backups\frontend_20260416_000717\node_modules\victory-vendor\package.json
C:\Users\andre\gridcheck\backups\frontend_20260416_000717\node_modules\vite\package.json
C:\Users\andre\gridcheck\backups\frontend_20260416_000717\node_modules\which\package.json
C:\Users\andre\gridcheck\backups\frontend_20260416_000717\node_modules\word-wrap\package.json
C:\Users\andre\gridcheck\backups\frontend_20260416_000717\node_modules\yallist\package.json
C:\Users\andre\gridcheck\backups\frontend_20260416_000717\node_modules\yocto-queue\package.json
C:\Users\andre\gridcheck\backups\frontend_20260416_000717\node_modules\zod\package.json
C:\Users\andre\gridcheck\backups\frontend_20260416_000717\node_modules\zod\locales\package.json
C:\Users\andre\gridcheck\backups\frontend_20260416_000717\node_modules\zod\mini\package.json
C:\Users\andre\gridcheck\backups\frontend_20260416_000717\node_modules\zod\v3\package.json
C:\Users\andre\gridcheck\backups\frontend_20260416_000717\node_modules\zod\v4\package.json
C:\Users\andre\gridcheck\backups\frontend_20260416_000717\node_modules\zod\v4\classic\package.json
C:\Users\andre\gridcheck\backups\frontend_20260416_000717\node_modules\zod\v4\core\package.json
C:\Users\andre\gridcheck\backups\frontend_20260416_000717\node_modules\zod\v4\locales\package.json
C:\Users\andre\gridcheck\backups\frontend_20260416_000717\node_modules\zod\v4\mini\package.json
C:\Users\andre\gridcheck\backups\frontend_20260416_000717\node_modules\zod\v4-mini\package.json
C:\Users\andre\gridcheck\backups\frontend_20260416_000717\node_modules\zod-validation-error\package.json
C:\Users\andre\gridcheck\frontend\package.json
C:\Users\andre\gridcheck\frontend\.next\package.json
C:\Users\andre\gridcheck\frontend\.next\types\package.json
C:\Users\andre\gridcheck\frontend\node_modules\@alloc\quick-lru\package.json
C:\Users\andre\gridcheck\frontend\node_modules\@eslint\eslintrc\package.json
C:\Users\andre\gridcheck\frontend\node_modules\@eslint\js\package.json
C:\Users\andre\gridcheck\frontend\node_modules\@eslint-community\eslint-utils\package.json
C:\Users\andre\gridcheck\frontend\node_modules\@eslint-community\regexpp\package.json
C:\Users\andre\gridcheck\frontend\node_modules\@floating-ui\core\package.json
C:\Users\andre\gridcheck\frontend\node_modules\@floating-ui\dom\package.json
C:\Users\andre\gridcheck\frontend\node_modules\@floating-ui\react-dom\package.json
C:\Users\andre\gridcheck\frontend\node_modules\@floating-ui\utils\package.json
C:\Users\andre\gridcheck\frontend\node_modules\@floating-ui\utils\dom\package.json
C:\Users\andre\gridcheck\frontend\node_modules\@humanwhocodes\config-array\package.json
C:\Users\andre\gridcheck\frontend\node_modules\@humanwhocodes\module-importer\package.json
C:\Users\andre\gridcheck\frontend\node_modules\@humanwhocodes\object-schema\package.json
C:\Users\andre\gridcheck\frontend\node_modules\@isaacs\cliui\package.json
C:\Users\andre\gridcheck\frontend\node_modules\@isaacs\cliui\node_modules\ansi-regex\package.json
C:\Users\andre\gridcheck\frontend\node_modules\@isaacs\cliui\node_modules\strip-ansi\package.json
C:\Users\andre\gridcheck\frontend\node_modules\@jridgewell\gen-mapping\package.json
C:\Users\andre\gridcheck\frontend\node_modules\@jridgewell\resolve-uri\package.json
C:\Users\andre\gridcheck\frontend\node_modules\@jridgewell\sourcemap-codec\package.json
C:\Users\andre\gridcheck\frontend\node_modules\@jridgewell\trace-mapping\package.json
C:\Users\andre\gridcheck\frontend\node_modules\@next\env\package.json
C:\Users\andre\gridcheck\frontend\node_modules\@next\eslint-plugin-next\package.json
C:\Users\andre\gridcheck\frontend\node_modules\@next\swc-win32-x64-msvc\package.json
C:\Users\andre\gridcheck\frontend\node_modules\@nodelib\fs.scandir\package.json
C:\Users\andre\gridcheck\frontend\node_modules\@nodelib\fs.stat\package.json
C:\Users\andre\gridcheck\frontend\node_modules\@nodelib\fs.walk\package.json
C:\Users\andre\gridcheck\frontend\node_modules\@nolyfill\is-core-module\package.json
C:\Users\andre\gridcheck\frontend\node_modules\@pkgjs\parseargs\package.json
C:\Users\andre\gridcheck\frontend\node_modules\@radix-ui\number\package.json
C:\Users\andre\gridcheck\frontend\node_modules\@radix-ui\primitive\package.json
C:\Users\andre\gridcheck\frontend\node_modules\@radix-ui\react-accordion\package.json
C:\Users\andre\gridcheck\frontend\node_modules\@radix-ui\react-arrow\package.json
C:\Users\andre\gridcheck\frontend\node_modules\@radix-ui\react-avatar\package.json
C:\Users\andre\gridcheck\frontend\node_modules\@radix-ui\react-avatar\node_modules\@radix-ui\react-context\package.json
C:\Users\andre\gridcheck\frontend\node_modules\@radix-ui\react-avatar\node_modules\@radix-ui\react-primitive\package.json
C:\Users\andre\gridcheck\frontend\node_modules\@radix-ui\react-checkbox\package.json
C:\Users\andre\gridcheck\frontend\node_modules\@radix-ui\react-collapsible\package.json
C:\Users\andre\gridcheck\frontend\node_modules\@radix-ui\react-collection\package.json
C:\Users\andre\gridcheck\frontend\node_modules\@radix-ui\react-collection\node_modules\@radix-ui\react-slot\package.json
C:\Users\andre\gridcheck\frontend\node_modules\@radix-ui\react-compose-refs\package.json
C:\Users\andre\gridcheck\frontend\node_modules\@radix-ui\react-context\package.json
C:\Users\andre\gridcheck\frontend\node_modules\@radix-ui\react-dialog\package.json
C:\Users\andre\gridcheck\frontend\node_modules\@radix-ui\react-dialog\node_modules\@radix-ui\react-slot\package.json
C:\Users\andre\gridcheck\frontend\node_modules\@radix-ui\react-direction\package.json
C:\Users\andre\gridcheck\frontend\node_modules\@radix-ui\react-dismissable-layer\package.json
C:\Users\andre\gridcheck\frontend\node_modules\@radix-ui\react-dropdown-menu\package.json
C:\Users\andre\gridcheck\frontend\node_modules\@radix-ui\react-focus-guards\package.json
C:\Users\andre\gridcheck\frontend\node_modules\@radix-ui\react-focus-scope\package.json
C:\Users\andre\gridcheck\frontend\node_modules\@radix-ui\react-id\package.json
C:\Users\andre\gridcheck\frontend\node_modules\@radix-ui\react-label\package.json
C:\Users\andre\gridcheck\frontend\node_modules\@radix-ui\react-label\node_modules\@radix-ui\react-primitive\package.json
C:\Users\andre\gridcheck\frontend\node_modules\@radix-ui\react-menu\package.json
C:\Users\andre\gridcheck\frontend\node_modules\@radix-ui\react-menu\node_modules\@radix-ui\react-slot\package.json
C:\Users\andre\gridcheck\frontend\node_modules\@radix-ui\react-popover\package.json
C:\Users\andre\gridcheck\frontend\node_modules\@radix-ui\react-popover\node_modules\@radix-ui\react-slot\package.json
C:\Users\andre\gridcheck\frontend\node_modules\@radix-ui\react-popper\package.json
C:\Users\andre\gridcheck\frontend\node_modules\@radix-ui\react-portal\package.json
C:\Users\andre\gridcheck\frontend\node_modules\@radix-ui\react-presence\package.json
C:\Users\andre\gridcheck\frontend\node_modules\@radix-ui\react-primitive\package.json
C:\Users\andre\gridcheck\frontend\node_modules\@radix-ui\react-primitive\node_modules\@radix-ui\react-slot\package.json
C:\Users\andre\gridcheck\frontend\node_modules\@radix-ui\react-progress\package.json
C:\Users\andre\gridcheck\frontend\node_modules\@radix-ui\react-progress\node_modules\@radix-ui\react-context\package.json
C:\Users\andre\gridcheck\frontend\node_modules\@radix-ui\react-progress\node_modules\@radix-ui\react-primitive\package.json
C:\Users\andre\gridcheck\frontend\node_modules\@radix-ui\react-roving-focus\package.json
C:\Users\andre\gridcheck\frontend\node_modules\@radix-ui\react-scroll-area\package.json
C:\Users\andre\gridcheck\frontend\node_modules\@radix-ui\react-select\package.json
C:\Users\andre\gridcheck\frontend\node_modules\@radix-ui\react-select\node_modules\@radix-ui\react-slot\package.json
C:\Users\andre\gridcheck\frontend\node_modules\@radix-ui\react-separator\package.json
C:\Users\andre\gridcheck\frontend\node_modules\@radix-ui\react-separator\node_modules\@radix-ui\react-primitive\package.json
C:\Users\andre\gridcheck\frontend\node_modules\@radix-ui\react-slot\package.json
C:\Users\andre\gridcheck\frontend\node_modules\@radix-ui\react-switch\package.json
C:\Users\andre\gridcheck\frontend\node_modules\@radix-ui\react-tabs\package.json
C:\Users\andre\gridcheck\frontend\node_modules\@radix-ui\react-tooltip\package.json
C:\Users\andre\gridcheck\frontend\node_modules\@radix-ui\react-tooltip\node_modules\@radix-ui\react-slot\package.json
C:\Users\andre\gridcheck\frontend\node_modules\@radix-ui\react-use-callback-ref\package.json
C:\Users\andre\gridcheck\frontend\node_modules\@radix-ui\react-use-controllable-state\package.json
C:\Users\andre\gridcheck\frontend\node_modules\@radix-ui\react-use-effect-event\package.json
C:\Users\andre\gridcheck\frontend\node_modules\@radix-ui\react-use-escape-keydown\package.json
C:\Users\andre\gridcheck\frontend\node_modules\@radix-ui\react-use-is-hydrated\package.json
C:\Users\andre\gridcheck\frontend\node_modules\@radix-ui\react-use-layout-effect\package.json
C:\Users\andre\gridcheck\frontend\node_modules\@radix-ui\react-use-previous\package.json
C:\Users\andre\gridcheck\frontend\node_modules\@radix-ui\react-use-rect\package.json
C:\Users\andre\gridcheck\frontend\node_modules\@radix-ui\react-use-size\package.json
C:\Users\andre\gridcheck\frontend\node_modules\@radix-ui\react-visually-hidden\package.json
C:\Users\andre\gridcheck\frontend\node_modules\@radix-ui\rect\package.json
C:\Users\andre\gridcheck\frontend\node_modules\@rtsao\scc\package.json
C:\Users\andre\gridcheck\frontend\node_modules\@rushstack\eslint-patch\package.json
C:\Users\andre\gridcheck\frontend\node_modules\@swc\counter\package.json
C:\Users\andre\gridcheck\frontend\node_modules\@swc\helpers\package.json
C:\Users\andre\gridcheck\frontend\node_modules\@swc\helpers\_\index\package.json
C:\Users\andre\gridcheck\frontend\node_modules\@swc\helpers\_\_apply_decorated_descriptor\package.json
C:\Users\andre\gridcheck\frontend\node_modules\@swc\helpers\_\_apply_decs_2203_r\package.json
C:\Users\andre\gridcheck\frontend\node_modules\@swc\helpers\_\_array_like_to_array\package.json
C:\Users\andre\gridcheck\frontend\node_modules\@swc\helpers\_\_array_without_holes\package.json
C:\Users\andre\gridcheck\frontend\node_modules\@swc\helpers\_\_array_with_holes\package.json
C:\Users\andre\gridcheck\frontend\node_modules\@swc\helpers\_\_assert_this_initialized\package.json
C:\Users\andre\gridcheck\frontend\node_modules\@swc\helpers\_\_async_generator\package.json
C:\Users\andre\gridcheck\frontend\node_modules\@swc\helpers\_\_async_generator_delegate\package.json
C:\Users\andre\gridcheck\frontend\node_modules\@swc\helpers\_\_async_iterator\package.json
C:\Users\andre\gridcheck\frontend\node_modules\@swc\helpers\_\_async_to_generator\package.json
C:\Users\andre\gridcheck\frontend\node_modules\@swc\helpers\_\_await_async_generator\package.json
C:\Users\andre\gridcheck\frontend\node_modules\@swc\helpers\_\_await_value\package.json
C:\Users\andre\gridcheck\frontend\node_modules\@swc\helpers\_\_check_private_redeclaration\package.json
C:\Users\andre\gridcheck\frontend\node_modules\@swc\helpers\_\_class_apply_descriptor_destructure\package.json
C:\Users\andre\gridcheck\frontend\node_modules\@swc\helpers\_\_class_apply_descriptor_get\package.json
C:\Users\andre\gridcheck\frontend\node_modules\@swc\helpers\_\_class_apply_descriptor_set\package.json
C:\Users\andre\gridcheck\frontend\node_modules\@swc\helpers\_\_class_apply_descriptor_update\package.json
C:\Users\andre\gridcheck\frontend\node_modules\@swc\helpers\_\_class_call_check\package.json
C:\Users\andre\gridcheck\frontend\node_modules\@swc\helpers\_\_class_check_private_static_access\package.json
C:\Users\andre\gridcheck\frontend\node_modules\@swc\helpers\_\_class_check_private_static_field_descriptor\package.json
C:\Users\andre\gridcheck\frontend\node_modules\@swc\helpers\_\_class_extract_field_descriptor\package.json
C:\Users\andre\gridcheck\frontend\node_modules\@swc\helpers\_\_class_name_tdz_error\package.json
C:\Users\andre\gridcheck\frontend\node_modules\@swc\helpers\_\_class_private_field_destructure\package.json
C:\Users\andre\gridcheck\frontend\node_modules\@swc\helpers\_\_class_private_field_get\package.json
C:\Users\andre\gridcheck\frontend\node_modules\@swc\helpers\_\_class_private_field_init\package.json
C:\Users\andre\gridcheck\frontend\node_modules\@swc\helpers\_\_class_private_field_loose_base\package.json
C:\Users\andre\gridcheck\frontend\node_modules\@swc\helpers\_\_class_private_field_loose_key\package.json
C:\Users\andre\gridcheck\frontend\node_modules\@swc\helpers\_\_class_private_field_set\package.json
C:\Users\andre\gridcheck\frontend\node_modules\@swc\helpers\_\_class_private_field_update\package.json
C:\Users\andre\gridcheck\frontend\node_modules\@swc\helpers\_\_class_private_method_get\package.json
C:\Users\andre\gridcheck\frontend\node_modules\@swc\helpers\_\_class_private_method_init\package.json
C:\Users\andre\gridcheck\frontend\node_modules\@swc\helpers\_\_class_private_method_set\package.json
C:\Users\andre\gridcheck\frontend\node_modules\@swc\helpers\_\_class_static_private_field_destructure\package.json
C:\Users\andre\gridcheck\frontend\node_modules\@swc\helpers\_\_class_static_private_field_spec_get\package.json
C:\Users\andre\gridcheck\frontend\node_modules\@swc\helpers\_\_class_static_private_field_spec_set\package.json
C:\Users\andre\gridcheck\frontend\node_modules\@swc\helpers\_\_class_static_private_field_update\package.json
C:\Users\andre\gridcheck\frontend\node_modules\@swc\helpers\_\_class_static_private_method_get\package.json
C:\Users\andre\gridcheck\frontend\node_modules\@swc\helpers\_\_construct\package.json
C:\Users\andre\gridcheck\frontend\node_modules\@swc\helpers\_\_create_class\package.json
C:\Users\andre\gridcheck\frontend\node_modules\@swc\helpers\_\_create_for_of_iterator_helper_loose\package.json
C:\Users\andre\gridcheck\frontend\node_modules\@swc\helpers\_\_create_super\package.json
C:\Users\andre\gridcheck\frontend\node_modules\@swc\helpers\_\_decorate\package.json
C:\Users\andre\gridcheck\frontend\node_modules\@swc\helpers\_\_defaults\package.json
C:\Users\andre\gridcheck\frontend\node_modules\@swc\helpers\_\_define_enumerable_properties\package.json
C:\Users\andre\gridcheck\frontend\node_modules\@swc\helpers\_\_define_property\package.json
C:\Users\andre\gridcheck\frontend\node_modules\@swc\helpers\_\_dispose\package.json
C:\Users\andre\gridcheck\frontend\node_modules\@swc\helpers\_\_export_star\package.json
C:\Users\andre\gridcheck\frontend\node_modules\@swc\helpers\_\_extends\package.json
C:\Users\andre\gridcheck\frontend\node_modules\@swc\helpers\_\_get\package.json
C:\Users\andre\gridcheck\frontend\node_modules\@swc\helpers\_\_get_prototype_of\package.json
C:\Users\andre\gridcheck\frontend\node_modules\@swc\helpers\_\_inherits\package.json
C:\Users\andre\gridcheck\frontend\node_modules\@swc\helpers\_\_inherits_loose\package.json
C:\Users\andre\gridcheck\frontend\node_modules\@swc\helpers\_\_initializer_define_property\package.json
C:\Users\andre\gridcheck\frontend\node_modules\@swc\helpers\_\_initializer_warning_helper\package.json
C:\Users\andre\gridcheck\frontend\node_modules\@swc\helpers\_\_instanceof\package.json
C:\Users\andre\gridcheck\frontend\node_modules\@swc\helpers\_\_interop_require_default\package.json
C:\Users\andre\gridcheck\frontend\node_modules\@swc\helpers\_\_interop_require_wildcard\package.json
C:\Users\andre\gridcheck\frontend\node_modules\@swc\helpers\_\_is_native_function\package.json
C:\Users\andre\gridcheck\frontend\node_modules\@swc\helpers\_\_is_native_reflect_construct\package.json
C:\Users\andre\gridcheck\frontend\node_modules\@swc\helpers\_\_iterable_to_array\package.json
C:\Users\andre\gridcheck\frontend\node_modules\@swc\helpers\_\_iterable_to_array_limit\package.json
C:\Users\andre\gridcheck\frontend\node_modules\@swc\helpers\_\_iterable_to_array_limit_loose\package.json
C:\Users\andre\gridcheck\frontend\node_modules\@swc\helpers\_\_jsx\package.json
C:\Users\andre\gridcheck\frontend\node_modules\@swc\helpers\_\_new_arrow_check\package.json
C:\Users\andre\gridcheck\frontend\node_modules\@swc\helpers\_\_non_iterable_rest\package.json
C:\Users\andre\gridcheck\frontend\node_modules\@swc\helpers\_\_non_iterable_spread\package.json
C:\Users\andre\gridcheck\frontend\node_modules\@swc\helpers\_\_object_destructuring_empty\package.json
C:\Users\andre\gridcheck\frontend\node_modules\@swc\helpers\_\_object_spread\package.json
C:\Users\andre\gridcheck\frontend\node_modules\@swc\helpers\_\_object_spread_props\package.json
C:\Users\andre\gridcheck\frontend\node_modules\@swc\helpers\_\_object_without_properties\package.json
C:\Users\andre\gridcheck\frontend\node_modules\@swc\helpers\_\_object_without_properties_loose\package.json
C:\Users\andre\gridcheck\frontend\node_modules\@swc\helpers\_\_possible_constructor_return\package.json
C:\Users\andre\gridcheck\frontend\node_modules\@swc\helpers\_\_read_only_error\package.json
C:\Users\andre\gridcheck\frontend\node_modules\@swc\helpers\_\_set\package.json
C:\Users\andre\gridcheck\frontend\node_modules\@swc\helpers\_\_set_prototype_of\package.json
C:\Users\andre\gridcheck\frontend\node_modules\@swc\helpers\_\_skip_first_generator_next\package.json
C:\Users\andre\gridcheck\frontend\node_modules\@swc\helpers\_\_sliced_to_array\package.json
C:\Users\andre\gridcheck\frontend\node_modules\@swc\helpers\_\_sliced_to_array_loose\package.json
C:\Users\andre\gridcheck\frontend\node_modules\@swc\helpers\_\_super_prop_base\package.json
C:\Users\andre\gridcheck\frontend\node_modules\@swc\helpers\_\_tagged_template_literal\package.json
C:\Users\andre\gridcheck\frontend\node_modules\@swc\helpers\_\_tagged_template_literal_loose\package.json
C:\Users\andre\gridcheck\frontend\node_modules\@swc\helpers\_\_throw\package.json
C:\Users\andre\gridcheck\frontend\node_modules\@swc\helpers\_\_to_array\package.json
C:\Users\andre\gridcheck\frontend\node_modules\@swc\helpers\_\_to_consumable_array\package.json
C:\Users\andre\gridcheck\frontend\node_modules\@swc\helpers\_\_to_primitive\package.json
C:\Users\andre\gridcheck\frontend\node_modules\@swc\helpers\_\_to_property_key\package.json
C:\Users\andre\gridcheck\frontend\node_modules\@swc\helpers\_\_ts_decorate\package.json
C:\Users\andre\gridcheck\frontend\node_modules\@swc\helpers\_\_ts_generator\package.json
C:\Users\andre\gridcheck\frontend\node_modules\@swc\helpers\_\_ts_metadata\package.json
C:\Users\andre\gridcheck\frontend\node_modules\@swc\helpers\_\_ts_param\package.json
C:\Users\andre\gridcheck\frontend\node_modules\@swc\helpers\_\_ts_values\package.json
C:\Users\andre\gridcheck\frontend\node_modules\@swc\helpers\_\_type_of\package.json
C:\Users\andre\gridcheck\frontend\node_modules\@swc\helpers\_\_unsupported_iterable_to_array\package.json
C:\Users\andre\gridcheck\frontend\node_modules\@swc\helpers\_\_update\package.json
C:\Users\andre\gridcheck\frontend\node_modules\@swc\helpers\_\_using\package.json
C:\Users\andre\gridcheck\frontend\node_modules\@swc\helpers\_\_wrap_async_generator\package.json
C:\Users\andre\gridcheck\frontend\node_modules\@swc\helpers\_\_wrap_native_super\package.json
C:\Users\andre\gridcheck\frontend\node_modules\@swc\helpers\_\_write_only_error\package.json
C:\Users\andre\gridcheck\frontend\node_modules\@types\json5\package.json
C:\Users\andre\gridcheck\frontend\node_modules\@types\node\package.json
C:\Users\andre\gridcheck\frontend\node_modules\@types\prop-types\package.json
C:\Users\andre\gridcheck\frontend\node_modules\@types\react\package.json
C:\Users\andre\gridcheck\frontend\node_modules\@types\react-dom\package.json
C:\Users\andre\gridcheck\frontend\node_modules\@typescript-eslint\eslint-plugin\package.json
C:\Users\andre\gridcheck\frontend\node_modules\@typescript-eslint\eslint-plugin\node_modules\ignore\package.json
C:\Users\andre\gridcheck\frontend\node_modules\@typescript-eslint\parser\package.json
C:\Users\andre\gridcheck\frontend\node_modules\@typescript-eslint\project-service\package.json
C:\Users\andre\gridcheck\frontend\node_modules\@typescript-eslint\scope-manager\package.json
C:\Users\andre\gridcheck\frontend\node_modules\@typescript-eslint\tsconfig-utils\package.json
C:\Users\andre\gridcheck\frontend\node_modules\@typescript-eslint\type-utils\package.json
C:\Users\andre\gridcheck\frontend\node_modules\@typescript-eslint\types\package.json
C:\Users\andre\gridcheck\frontend\node_modules\@typescript-eslint\typescript-estree\package.json
C:\Users\andre\gridcheck\frontend\node_modules\@typescript-eslint\typescript-estree\node_modules\balanced-match\package.json
C:\Users\andre\gridcheck\frontend\node_modules\@typescript-eslint\typescript-estree\node_modules\balanced-match\dist\commonjs\package.json
C:\Users\andre\gridcheck\frontend\node_modules\@typescript-eslint\typescript-estree\node_modules\balanced-match\dist\esm\package.json
C:\Users\andre\gridcheck\frontend\node_modules\@typescript-eslint\typescript-estree\node_modules\brace-expansion\package.json
C:\Users\andre\gridcheck\frontend\node_modules\@typescript-eslint\typescript-estree\node_modules\brace-expansion\dist\commonjs\package.json
C:\Users\andre\gridcheck\frontend\node_modules\@typescript-eslint\typescript-estree\node_modules\brace-expansion\dist\esm\package.json
C:\Users\andre\gridcheck\frontend\node_modules\@typescript-eslint\typescript-estree\node_modules\minimatch\package.json
C:\Users\andre\gridcheck\frontend\node_modules\@typescript-eslint\typescript-estree\node_modules\minimatch\dist\commonjs\package.json
C:\Users\andre\gridcheck\frontend\node_modules\@typescript-eslint\typescript-estree\node_modules\minimatch\dist\esm\package.json
C:\Users\andre\gridcheck\frontend\node_modules\@typescript-eslint\utils\package.json
C:\Users\andre\gridcheck\frontend\node_modules\@typescript-eslint\visitor-keys\package.json
C:\Users\andre\gridcheck\frontend\node_modules\@typescript-eslint\visitor-keys\node_modules\eslint-visitor-keys\package.json
C:\Users\andre\gridcheck\frontend\node_modules\@ungap\structured-clone\package.json
C:\Users\andre\gridcheck\frontend\node_modules\@ungap\structured-clone\cjs\package.json
C:\Users\andre\gridcheck\frontend\node_modules\@unrs\resolver-binding-win32-x64-msvc\package.json
C:\Users\andre\gridcheck\frontend\node_modules\acorn\package.json
C:\Users\andre\gridcheck\frontend\node_modules\acorn-jsx\package.json
C:\Users\andre\gridcheck\frontend\node_modules\ajv\package.json
C:\Users\andre\gridcheck\frontend\node_modules\ansi-regex\package.json
C:\Users\andre\gridcheck\frontend\node_modules\ansi-styles\package.json
C:\Users\andre\gridcheck\frontend\node_modules\any-promise\package.json
C:\Users\andre\gridcheck\frontend\node_modules\anymatch\package.json
C:\Users\andre\gridcheck\frontend\node_modules\arg\package.json
C:\Users\andre\gridcheck\frontend\node_modules\argparse\package.json
C:\Users\andre\gridcheck\frontend\node_modules\aria-hidden\package.json
C:\Users\andre\gridcheck\frontend\node_modules\aria-query\package.json
C:\Users\andre\gridcheck\frontend\node_modules\array-buffer-byte-length\package.json
C:\Users\andre\gridcheck\frontend\node_modules\array-includes\package.json
C:\Users\andre\gridcheck\frontend\node_modules\array.prototype.findlast\package.json
C:\Users\andre\gridcheck\frontend\node_modules\array.prototype.findlastindex\package.json
C:\Users\andre\gridcheck\frontend\node_modules\array.prototype.flat\package.json
C:\Users\andre\gridcheck\frontend\node_modules\array.prototype.flatmap\package.json
C:\Users\andre\gridcheck\frontend\node_modules\array.prototype.tosorted\package.json
C:\Users\andre\gridcheck\frontend\node_modules\arraybuffer.prototype.slice\package.json
C:\Users\andre\gridcheck\frontend\node_modules\ast-types-flow\package.json
C:\Users\andre\gridcheck\frontend\node_modules\async-function\package.json
C:\Users\andre\gridcheck\frontend\node_modules\autoprefixer\package.json
C:\Users\andre\gridcheck\frontend\node_modules\available-typed-arrays\package.json
C:\Users\andre\gridcheck\frontend\node_modules\axe-core\package.json
C:\Users\andre\gridcheck\frontend\node_modules\axobject-query\package.json
C:\Users\andre\gridcheck\frontend\node_modules\balanced-match\package.json
C:\Users\andre\gridcheck\frontend\node_modules\baseline-browser-mapping\package.json
C:\Users\andre\gridcheck\frontend\node_modules\binary-extensions\package.json
C:\Users\andre\gridcheck\frontend\node_modules\brace-expansion\package.json
C:\Users\andre\gridcheck\frontend\node_modules\braces\package.json
C:\Users\andre\gridcheck\frontend\node_modules\browserslist\package.json
C:\Users\andre\gridcheck\frontend\node_modules\busboy\package.json
C:\Users\andre\gridcheck\frontend\node_modules\call-bind\package.json
C:\Users\andre\gridcheck\frontend\node_modules\call-bind-apply-helpers\package.json
C:\Users\andre\gridcheck\frontend\node_modules\call-bound\package.json
C:\Users\andre\gridcheck\frontend\node_modules\callsites\package.json
C:\Users\andre\gridcheck\frontend\node_modules\camelcase-css\package.json
C:\Users\andre\gridcheck\frontend\node_modules\caniuse-lite\package.json
C:\Users\andre\gridcheck\frontend\node_modules\chalk\package.json
C:\Users\andre\gridcheck\frontend\node_modules\chokidar\package.json
C:\Users\andre\gridcheck\frontend\node_modules\chokidar\node_modules\glob-parent\package.json
C:\Users\andre\gridcheck\frontend\node_modules\class-variance-authority\package.json
C:\Users\andre\gridcheck\frontend\node_modules\client-only\package.json
C:\Users\andre\gridcheck\frontend\node_modules\clsx\package.json
C:\Users\andre\gridcheck\frontend\node_modules\color-convert\package.json
C:\Users\andre\gridcheck\frontend\node_modules\color-name\package.json
C:\Users\andre\gridcheck\frontend\node_modules\commander\package.json
C:\Users\andre\gridcheck\frontend\node_modules\concat-map\package.json
C:\Users\andre\gridcheck\frontend\node_modules\cross-spawn\package.json
C:\Users\andre\gridcheck\frontend\node_modules\cssesc\package.json
C:\Users\andre\gridcheck\frontend\node_modules\csstype\package.json
C:\Users\andre\gridcheck\frontend\node_modules\damerau-levenshtein\package.json
C:\Users\andre\gridcheck\frontend\node_modules\data-view-buffer\package.json
C:\Users\andre\gridcheck\frontend\node_modules\data-view-byte-length\package.json
C:\Users\andre\gridcheck\frontend\node_modules\data-view-byte-offset\package.json
C:\Users\andre\gridcheck\frontend\node_modules\debug\package.json
C:\Users\andre\gridcheck\frontend\node_modules\deep-is\package.json
C:\Users\andre\gridcheck\frontend\node_modules\define-data-property\package.json
C:\Users\andre\gridcheck\frontend\node_modules\define-properties\package.json
C:\Users\andre\gridcheck\frontend\node_modules\detect-node-es\package.json
C:\Users\andre\gridcheck\frontend\node_modules\didyoumean\package.json
C:\Users\andre\gridcheck\frontend\node_modules\dlv\package.json
C:\Users\andre\gridcheck\frontend\node_modules\doctrine\package.json
C:\Users\andre\gridcheck\frontend\node_modules\dunder-proto\package.json
C:\Users\andre\gridcheck\frontend\node_modules\eastasianwidth\package.json
C:\Users\andre\gridcheck\frontend\node_modules\electron-to-chromium\package.json
C:\Users\andre\gridcheck\frontend\node_modules\emoji-regex\package.json
C:\Users\andre\gridcheck\frontend\node_modules\es-abstract\package.json
C:\Users\andre\gridcheck\frontend\node_modules\es-define-property\package.json
C:\Users\andre\gridcheck\frontend\node_modules\es-errors\package.json
C:\Users\andre\gridcheck\frontend\node_modules\es-iterator-helpers\package.json
C:\Users\andre\gridcheck\frontend\node_modules\es-object-atoms\package.json
C:\Users\andre\gridcheck\frontend\node_modules\es-set-tostringtag\package.json
C:\Users\andre\gridcheck\frontend\node_modules\es-shim-unscopables\package.json
C:\Users\andre\gridcheck\frontend\node_modules\es-to-primitive\package.json
C:\Users\andre\gridcheck\frontend\node_modules\escalade\package.json
C:\Users\andre\gridcheck\frontend\node_modules\escape-string-regexp\package.json
C:\Users\andre\gridcheck\frontend\node_modules\eslint\package.json
C:\Users\andre\gridcheck\frontend\node_modules\eslint-config-next\package.json
C:\Users\andre\gridcheck\frontend\node_modules\eslint-import-resolver-node\package.json
C:\Users\andre\gridcheck\frontend\node_modules\eslint-import-resolver-node\node_modules\debug\package.json
C:\Users\andre\gridcheck\frontend\node_modules\eslint-import-resolver-typescript\package.json
C:\Users\andre\gridcheck\frontend\node_modules\eslint-module-utils\package.json
C:\Users\andre\gridcheck\frontend\node_modules\eslint-module-utils\node_modules\debug\package.json
C:\Users\andre\gridcheck\frontend\node_modules\eslint-plugin-import\package.json
C:\Users\andre\gridcheck\frontend\node_modules\eslint-plugin-import\node_modules\debug\package.json
C:\Users\andre\gridcheck\frontend\node_modules\eslint-plugin-import\node_modules\doctrine\package.json
C:\Users\andre\gridcheck\frontend\node_modules\eslint-plugin-import\node_modules\semver\package.json
C:\Users\andre\gridcheck\frontend\node_modules\eslint-plugin-jsx-a11y\package.json
C:\Users\andre\gridcheck\frontend\node_modules\eslint-plugin-react\package.json
C:\Users\andre\gridcheck\frontend\node_modules\eslint-plugin-react\node_modules\doctrine\package.json
C:\Users\andre\gridcheck\frontend\node_modules\eslint-plugin-react\node_modules\semver\package.json
C:\Users\andre\gridcheck\frontend\node_modules\eslint-plugin-react-hooks\package.json
C:\Users\andre\gridcheck\frontend\node_modules\eslint-scope\package.json
C:\Users\andre\gridcheck\frontend\node_modules\eslint-visitor-keys\package.json
C:\Users\andre\gridcheck\frontend\node_modules\espree\package.json
C:\Users\andre\gridcheck\frontend\node_modules\esquery\package.json
C:\Users\andre\gridcheck\frontend\node_modules\esrecurse\package.json
C:\Users\andre\gridcheck\frontend\node_modules\estraverse\package.json
C:\Users\andre\gridcheck\frontend\node_modules\esutils\package.json
C:\Users\andre\gridcheck\frontend\node_modules\fast-deep-equal\package.json
C:\Users\andre\gridcheck\frontend\node_modules\fast-glob\package.json
C:\Users\andre\gridcheck\frontend\node_modules\fast-glob\node_modules\glob-parent\package.json
C:\Users\andre\gridcheck\frontend\node_modules\fast-json-stable-stringify\package.json
C:\Users\andre\gridcheck\frontend\node_modules\fast-levenshtein\package.json
C:\Users\andre\gridcheck\frontend\node_modules\fastq\package.json
C:\Users\andre\gridcheck\frontend\node_modules\file-entry-cache\package.json
C:\Users\andre\gridcheck\frontend\node_modules\fill-range\package.json
C:\Users\andre\gridcheck\frontend\node_modules\find-up\package.json
C:\Users\andre\gridcheck\frontend\node_modules\flat-cache\package.json
C:\Users\andre\gridcheck\frontend\node_modules\flatted\package.json
C:\Users\andre\gridcheck\frontend\node_modules\flatted\cjs\package.json
C:\Users\andre\gridcheck\frontend\node_modules\for-each\package.json
C:\Users\andre\gridcheck\frontend\node_modules\foreground-child\package.json
C:\Users\andre\gridcheck\frontend\node_modules\foreground-child\dist\commonjs\package.json
C:\Users\andre\gridcheck\frontend\node_modules\foreground-child\dist\esm\package.json
C:\Users\andre\gridcheck\frontend\node_modules\fraction.js\package.json
C:\Users\andre\gridcheck\frontend\node_modules\fs.realpath\package.json
C:\Users\andre\gridcheck\frontend\node_modules\function-bind\package.json
C:\Users\andre\gridcheck\frontend\node_modules\function.prototype.name\package.json
C:\Users\andre\gridcheck\frontend\node_modules\functions-have-names\package.json
C:\Users\andre\gridcheck\frontend\node_modules\generator-function\package.json
C:\Users\andre\gridcheck\frontend\node_modules\get-intrinsic\package.json
C:\Users\andre\gridcheck\frontend\node_modules\get-nonce\package.json
C:\Users\andre\gridcheck\frontend\node_modules\get-proto\package.json
C:\Users\andre\gridcheck\frontend\node_modules\get-symbol-description\package.json
C:\Users\andre\gridcheck\frontend\node_modules\get-tsconfig\package.json
C:\Users\andre\gridcheck\frontend\node_modules\glob\package.json
C:\Users\andre\gridcheck\frontend\node_modules\glob\dist\commonjs\package.json
C:\Users\andre\gridcheck\frontend\node_modules\glob\dist\esm\package.json
C:\Users\andre\gridcheck\frontend\node_modules\glob\node_modules\brace-expansion\package.json
C:\Users\andre\gridcheck\frontend\node_modules\glob\node_modules\minimatch\package.json
C:\Users\andre\gridcheck\frontend\node_modules\glob\node_modules\minimatch\dist\commonjs\package.json
C:\Users\andre\gridcheck\frontend\node_modules\glob\node_modules\minimatch\dist\esm\package.json
C:\Users\andre\gridcheck\frontend\node_modules\glob-parent\package.json
C:\Users\andre\gridcheck\frontend\node_modules\globals\package.json
C:\Users\andre\gridcheck\frontend\node_modules\globalthis\package.json
C:\Users\andre\gridcheck\frontend\node_modules\gopd\package.json
C:\Users\andre\gridcheck\frontend\node_modules\graceful-fs\package.json
C:\Users\andre\gridcheck\frontend\node_modules\graphemer\package.json
C:\Users\andre\gridcheck\frontend\node_modules\has-bigints\package.json
C:\Users\andre\gridcheck\frontend\node_modules\has-flag\package.json
C:\Users\andre\gridcheck\frontend\node_modules\has-property-descriptors\package.json
C:\Users\andre\gridcheck\frontend\node_modules\has-proto\package.json
C:\Users\andre\gridcheck\frontend\node_modules\has-symbols\package.json
C:\Users\andre\gridcheck\frontend\node_modules\has-tostringtag\package.json
C:\Users\andre\gridcheck\frontend\node_modules\hasown\package.json
C:\Users\andre\gridcheck\frontend\node_modules\ignore\package.json
C:\Users\andre\gridcheck\frontend\node_modules\import-fresh\package.json
C:\Users\andre\gridcheck\frontend\node_modules\imurmurhash\package.json
C:\Users\andre\gridcheck\frontend\node_modules\inflight\package.json
C:\Users\andre\gridcheck\frontend\node_modules\inherits\package.json
C:\Users\andre\gridcheck\frontend\node_modules\internal-slot\package.json
C:\Users\andre\gridcheck\frontend\node_modules\is-array-buffer\package.json
C:\Users\andre\gridcheck\frontend\node_modules\is-async-function\package.json
C:\Users\andre\gridcheck\frontend\node_modules\is-bigint\package.json
C:\Users\andre\gridcheck\frontend\node_modules\is-binary-path\package.json
C:\Users\andre\gridcheck\frontend\node_modules\is-boolean-object\package.json
C:\Users\andre\gridcheck\frontend\node_modules\is-bun-module\package.json
C:\Users\andre\gridcheck\frontend\node_modules\is-callable\package.json
C:\Users\andre\gridcheck\frontend\node_modules\is-core-module\package.json
C:\Users\andre\gridcheck\frontend\node_modules\is-data-view\package.json
C:\Users\andre\gridcheck\frontend\node_modules\is-date-object\package.json
C:\Users\andre\gridcheck\frontend\node_modules\is-extglob\package.json
C:\Users\andre\gridcheck\frontend\node_modules\is-finalizationregistry\package.json
C:\Users\andre\gridcheck\frontend\node_modules\is-fullwidth-code-point\package.json
C:\Users\andre\gridcheck\frontend\node_modules\is-generator-function\package.json
C:\Users\andre\gridcheck\frontend\node_modules\is-glob\package.json
C:\Users\andre\gridcheck\frontend\node_modules\is-map\package.json
C:\Users\andre\gridcheck\frontend\node_modules\is-negative-zero\package.json
C:\Users\andre\gridcheck\frontend\node_modules\is-number\package.json
C:\Users\andre\gridcheck\frontend\node_modules\is-number-object\package.json
C:\Users\andre\gridcheck\frontend\node_modules\is-path-inside\package.json
C:\Users\andre\gridcheck\frontend\node_modules\is-regex\package.json
C:\Users\andre\gridcheck\frontend\node_modules\is-set\package.json
C:\Users\andre\gridcheck\frontend\node_modules\is-shared-array-buffer\package.json
C:\Users\andre\gridcheck\frontend\node_modules\is-string\package.json
C:\Users\andre\gridcheck\frontend\node_modules\is-symbol\package.json
C:\Users\andre\gridcheck\frontend\node_modules\is-typed-array\package.json
C:\Users\andre\gridcheck\frontend\node_modules\is-weakmap\package.json
C:\Users\andre\gridcheck\frontend\node_modules\is-weakref\package.json
C:\Users\andre\gridcheck\frontend\node_modules\is-weakset\package.json
C:\Users\andre\gridcheck\frontend\node_modules\isarray\package.json
C:\Users\andre\gridcheck\frontend\node_modules\isexe\package.json
C:\Users\andre\gridcheck\frontend\node_modules\iterator.prototype\package.json
C:\Users\andre\gridcheck\frontend\node_modules\jackspeak\package.json
C:\Users\andre\gridcheck\frontend\node_modules\jackspeak\dist\commonjs\package.json
C:\Users\andre\gridcheck\frontend\node_modules\jackspeak\dist\esm\package.json
C:\Users\andre\gridcheck\frontend\node_modules\jiti\package.json
C:\Users\andre\gridcheck\frontend\node_modules\js-tokens\package.json
C:\Users\andre\gridcheck\frontend\node_modules\js-yaml\package.json
C:\Users\andre\gridcheck\frontend\node_modules\json-buffer\package.json
C:\Users\andre\gridcheck\frontend\node_modules\json-schema-traverse\package.json
C:\Users\andre\gridcheck\frontend\node_modules\json-stable-stringify-without-jsonify\package.json
C:\Users\andre\gridcheck\frontend\node_modules\json5\package.json
C:\Users\andre\gridcheck\frontend\node_modules\jsx-ast-utils\package.json
C:\Users\andre\gridcheck\frontend\node_modules\keyv\package.json
C:\Users\andre\gridcheck\frontend\node_modules\language-subtag-registry\package.json
C:\Users\andre\gridcheck\frontend\node_modules\language-tags\package.json
C:\Users\andre\gridcheck\frontend\node_modules\levn\package.json
C:\Users\andre\gridcheck\frontend\node_modules\lilconfig\package.json
C:\Users\andre\gridcheck\frontend\node_modules\lines-and-columns\package.json
C:\Users\andre\gridcheck\frontend\node_modules\locate-path\package.json
C:\Users\andre\gridcheck\frontend\node_modules\lodash.merge\package.json
C:\Users\andre\gridcheck\frontend\node_modules\loose-envify\package.json
C:\Users\andre\gridcheck\frontend\node_modules\lru-cache\package.json
C:\Users\andre\gridcheck\frontend\node_modules\lru-cache\dist\commonjs\package.json
C:\Users\andre\gridcheck\frontend\node_modules\lru-cache\dist\esm\package.json
C:\Users\andre\gridcheck\frontend\node_modules\lucide-react\package.json
C:\Users\andre\gridcheck\frontend\node_modules\math-intrinsics\package.json
C:\Users\andre\gridcheck\frontend\node_modules\merge2\package.json
C:\Users\andre\gridcheck\frontend\node_modules\micromatch\package.json
C:\Users\andre\gridcheck\frontend\node_modules\minimatch\package.json
C:\Users\andre\gridcheck\frontend\node_modules\minimist\package.json
C:\Users\andre\gridcheck\frontend\node_modules\minipass\package.json
C:\Users\andre\gridcheck\frontend\node_modules\minipass\dist\commonjs\package.json
C:\Users\andre\gridcheck\frontend\node_modules\minipass\dist\esm\package.json
C:\Users\andre\gridcheck\frontend\node_modules\ms\package.json
C:\Users\andre\gridcheck\frontend\node_modules\mz\package.json
C:\Users\andre\gridcheck\frontend\node_modules\nanoid\package.json
C:\Users\andre\gridcheck\frontend\node_modules\nanoid\async\package.json
C:\Users\andre\gridcheck\frontend\node_modules\nanoid\non-secure\package.json
C:\Users\andre\gridcheck\frontend\node_modules\nanoid\url-alphabet\package.json
C:\Users\andre\gridcheck\frontend\node_modules\napi-postinstall\package.json
C:\Users\andre\gridcheck\frontend\node_modules\natural-compare\package.json
C:\Users\andre\gridcheck\frontend\node_modules\next\package.json
C:\Users\andre\gridcheck\frontend\node_modules\next\dist\compiled\@babel\runtime\package.json
C:\Users\andre\gridcheck\frontend\node_modules\next\dist\compiled\@babel\runtime\helpers\esm\package.json
C:\Users\andre\gridcheck\frontend\node_modules\next\dist\compiled\@edge-runtime\cookies\package.json
C:\Users\andre\gridcheck\frontend\node_modules\next\dist\compiled\@edge-runtime\ponyfill\package.json
C:\Users\andre\gridcheck\frontend\node_modules\next\dist\compiled\@edge-runtime\primitives\package.json
C:\Users\andre\gridcheck\frontend\node_modules\next\dist\compiled\@hapi\accept\package.json
C:\Users\andre\gridcheck\frontend\node_modules\next\dist\compiled\@mswjs\interceptors\ClientRequest\package.json
C:\Users\andre\gridcheck\frontend\node_modules\next\dist\compiled\@napi-rs\triples\package.json
C:\Users\andre\gridcheck\frontend\node_modules\next\dist\compiled\@next\font\package.json
C:\Users\andre\gridcheck\frontend\node_modules\next\dist\compiled\@opentelemetry\api\package.json
C:\Users\andre\gridcheck\frontend\node_modules\next\dist\compiled\@vercel\nft\package.json
C:\Users\andre\gridcheck\frontend\node_modules\next\dist\compiled\@vercel\og\package.json
C:\Users\andre\gridcheck\frontend\node_modules\next\dist\compiled\acorn\package.json
C:\Users\andre\gridcheck\frontend\node_modules\next\dist\compiled\amphtml-validator\package.json
C:\Users\andre\gridcheck\frontend\node_modules\next\dist\compiled\anser\package.json
C:\Users\andre\gridcheck\frontend\node_modules\next\dist\compiled\arg\package.json
C:\Users\andre\gridcheck\frontend\node_modules\next\dist\compiled\assert\package.json
C:\Users\andre\gridcheck\frontend\node_modules\next\dist\compiled\async-retry\package.json
C:\Users\andre\gridcheck\frontend\node_modules\next\dist\compiled\async-sema\package.json
C:\Users\andre\gridcheck\frontend\node_modules\next\dist\compiled\babel\package.json
C:\Users\andre\gridcheck\frontend\node_modules\next\dist\compiled\babel-packages\package.json
C:\Users\andre\gridcheck\frontend\node_modules\next\dist\compiled\browserify-zlib\package.json
C:\Users\andre\gridcheck\frontend\node_modules\next\dist\compiled\browserslist\package.json
C:\Users\andre\gridcheck\frontend\node_modules\next\dist\compiled\buffer\package.json
C:\Users\andre\gridcheck\frontend\node_modules\next\dist\compiled\bytes\package.json
C:\Users\andre\gridcheck\frontend\node_modules\next\dist\compiled\ci-info\package.json
C:\Users\andre\gridcheck\frontend\node_modules\next\dist\compiled\cli-select\package.json
C:\Users\andre\gridcheck\frontend\node_modules\next\dist\compiled\client-only\package.json
C:\Users\andre\gridcheck\frontend\node_modules\next\dist\compiled\commander\package.json
C:\Users\andre\gridcheck\frontend\node_modules\next\dist\compiled\comment-json\package.json
C:\Users\andre\gridcheck\frontend\node_modules\next\dist\compiled\compression\package.json
C:\Users\andre\gridcheck\frontend\node_modules\next\dist\compiled\conf\package.json
C:\Users\andre\gridcheck\frontend\node_modules\next\dist\compiled\constants-browserify\package.json
C:\Users\andre\gridcheck\frontend\node_modules\next\dist\compiled\content-disposition\package.json
C:\Users\andre\gridcheck\frontend\node_modules\next\dist\compiled\content-type\package.json
C:\Users\andre\gridcheck\frontend\node_modules\next\dist\compiled\cookie\package.json
C:\Users\andre\gridcheck\frontend\node_modules\next\dist\compiled\cross-spawn\package.json
C:\Users\andre\gridcheck\frontend\node_modules\next\dist\compiled\crypto-browserify\package.json
C:\Users\andre\gridcheck\frontend\node_modules\next\dist\compiled\css.escape\package.json
C:\Users\andre\gridcheck\frontend\node_modules\next\dist\compiled\data-uri-to-buffer\package.json
C:\Users\andre\gridcheck\frontend\node_modules\next\dist\compiled\debug\package.json
C:\Users\andre\gridcheck\frontend\node_modules\next\dist\compiled\devalue\package.json
C:\Users\andre\gridcheck\frontend\node_modules\next\dist\compiled\domain-browser\package.json
C:\Users\andre\gridcheck\frontend\node_modules\next\dist\compiled\edge-runtime\package.json
C:\Users\andre\gridcheck\frontend\node_modules\next\dist\compiled\events\package.json
C:\Users\andre\gridcheck\frontend\node_modules\next\dist\compiled\find-cache-dir\package.json
C:\Users\andre\gridcheck\frontend\node_modules\next\dist\compiled\find-up\package.json
C:\Users\andre\gridcheck\frontend\node_modules\next\dist\compiled\fresh\package.json
C:\Users\andre\gridcheck\frontend\node_modules\next\dist\compiled\get-orientation\package.json
C:\Users\andre\gridcheck\frontend\node_modules\next\dist\compiled\glob\package.json
C:\Users\andre\gridcheck\frontend\node_modules\next\dist\compiled\gzip-size\package.json
C:\Users\andre\gridcheck\frontend\node_modules\next\dist\compiled\http-proxy\package.json
C:\Users\andre\gridcheck\frontend\node_modules\next\dist\compiled\http-proxy-agent\package.json
C:\Users\andre\gridcheck\frontend\node_modules\next\dist\compiled\https-browserify\package.json
C:\Users\andre\gridcheck\frontend\node_modules\next\dist\compiled\https-proxy-agent\package.json
C:\Users\andre\gridcheck\frontend\node_modules\next\dist\compiled\icss-utils\package.json
C:\Users\andre\gridcheck\frontend\node_modules\next\dist\compiled\ignore-loader\package.json
C:\Users\andre\gridcheck\frontend\node_modules\next\dist\compiled\image-size\package.json
C:\Users\andre\gridcheck\frontend\node_modules\next\dist\compiled\is-animated\package.json
C:\Users\andre\gridcheck\frontend\node_modules\next\dist\compiled\is-docker\package.json
C:\Users\andre\gridcheck\frontend\node_modules\next\dist\compiled\is-wsl\package.json
C:\Users\andre\gridcheck\frontend\node_modules\next\dist\compiled\jest-worker\package.json
C:\Users\andre\gridcheck\frontend\node_modules\next\dist\compiled\json5\package.json
C:\Users\andre\gridcheck\frontend\node_modules\next\dist\compiled\jsonwebtoken\package.json
C:\Users\andre\gridcheck\frontend\node_modules\next\dist\compiled\loader-runner\package.json
C:\Users\andre\gridcheck\frontend\node_modules\next\dist\compiled\loader-utils2\package.json
C:\Users\andre\gridcheck\frontend\node_modules\next\dist\compiled\loader-utils3\package.json
C:\Users\andre\gridcheck\frontend\node_modules\next\dist\compiled\lodash.curry\package.json
C:\Users\andre\gridcheck\frontend\node_modules\next\dist\compiled\lru-cache\package.json
C:\Users\andre\gridcheck\frontend\node_modules\next\dist\compiled\mini-css-extract-plugin\package.json
C:\Users\andre\gridcheck\frontend\node_modules\next\dist\compiled\nanoid\package.json
C:\Users\andre\gridcheck\frontend\node_modules\next\dist\compiled\native-url\package.json
C:\Users\andre\gridcheck\frontend\node_modules\next\dist\compiled\neo-async\package.json
C:\Users\andre\gridcheck\frontend\node_modules\next\dist\compiled\node-fetch\package.json
C:\Users\andre\gridcheck\frontend\node_modules\next\dist\compiled\node-html-parser\package.json
C:\Users\andre\gridcheck\frontend\node_modules\next\dist\compiled\ora\package.json
C:\Users\andre\gridcheck\frontend\node_modules\next\dist\compiled\os-browserify\package.json
C:\Users\andre\gridcheck\frontend\node_modules\next\dist\compiled\p-limit\package.json
C:\Users\andre\gridcheck\frontend\node_modules\next\dist\compiled\path-browserify\package.json
C:\Users\andre\gridcheck\frontend\node_modules\next\dist\compiled\picomatch\package.json
C:\Users\andre\gridcheck\frontend\node_modules\next\dist\compiled\platform\package.json
C:\Users\andre\gridcheck\frontend\node_modules\next\dist\compiled\postcss-flexbugs-fixes\package.json
C:\Users\andre\gridcheck\frontend\node_modules\next\dist\compiled\postcss-modules-extract-imports\package.json
C:\Users\andre\gridcheck\frontend\node_modules\next\dist\compiled\postcss-modules-local-by-default\package.json
C:\Users\andre\gridcheck\frontend\node_modules\next\dist\compiled\postcss-modules-scope\package.json
C:\Users\andre\gridcheck\frontend\node_modules\next\dist\compiled\postcss-modules-values\package.json
C:\Users\andre\gridcheck\frontend\node_modules\next\dist\compiled\postcss-preset-env\package.json
C:\Users\andre\gridcheck\frontend\node_modules\next\dist\compiled\postcss-safe-parser\package.json
C:\Users\andre\gridcheck\frontend\node_modules\next\dist\compiled\postcss-scss\package.json
C:\Users\andre\gridcheck\frontend\node_modules\next\dist\compiled\postcss-value-parser\package.json
C:\Users\andre\gridcheck\frontend\node_modules\next\dist\compiled\process\package.json
C:\Users\andre\gridcheck\frontend\node_modules\next\dist\compiled\punycode\package.json
C:\Users\andre\gridcheck\frontend\node_modules\next\dist\compiled\querystring-es3\package.json
C:\Users\andre\gridcheck\frontend\node_modules\next\dist\compiled\raw-body\package.json
C:\Users\andre\gridcheck\frontend\node_modules\next\dist\compiled\react\package.json
C:\Users\andre\gridcheck\frontend\node_modules\next\dist\compiled\react-dom\package.json
C:\Users\andre\gridcheck\frontend\node_modules\next\dist\compiled\react-dom-experimental\package.json
C:\Users\andre\gridcheck\frontend\node_modules\next\dist\compiled\react-experimental\package.json
C:\Users\andre\gridcheck\frontend\node_modules\next\dist\compiled\react-is\package.json
C:\Users\andre\gridcheck\frontend\node_modules\next\dist\compiled\react-refresh\package.json
C:\Users\andre\gridcheck\frontend\node_modules\next\dist\compiled\react-server-dom-turbopack\package.json
C:\Users\andre\gridcheck\frontend\node_modules\next\dist\compiled\react-server-dom-turbopack-experimental\package.json
C:\Users\andre\gridcheck\frontend\node_modules\next\dist\compiled\react-server-dom-webpack\package.json
C:\Users\andre\gridcheck\frontend\node_modules\next\dist\compiled\react-server-dom-webpack-experimental\package.json
C:\Users\andre\gridcheck\frontend\node_modules\next\dist\compiled\regenerator-runtime\package.json
C:\Users\andre\gridcheck\frontend\node_modules\next\dist\compiled\sass-loader\package.json
C:\Users\andre\gridcheck\frontend\node_modules\next\dist\compiled\scheduler\package.json
C:\Users\andre\gridcheck\frontend\node_modules\next\dist\compiled\scheduler-experimental\package.json
C:\Users\andre\gridcheck\frontend\node_modules\next\dist\compiled\schema-utils2\package.json
C:\Users\andre\gridcheck\frontend\node_modules\next\dist\compiled\schema-utils3\package.json
C:\Users\andre\gridcheck\frontend\node_modules\next\dist\compiled\semver\package.json
C:\Users\andre\gridcheck\frontend\node_modules\next\dist\compiled\send\package.json
C:\Users\andre\gridcheck\frontend\node_modules\next\dist\compiled\server-only\package.json
C:\Users\andre\gridcheck\frontend\node_modules\next\dist\compiled\setimmediate\package.json
C:\Users\andre\gridcheck\frontend\node_modules\next\dist\compiled\shell-quote\package.json
C:\Users\andre\gridcheck\frontend\node_modules\next\dist\compiled\source-map\package.json
C:\Users\andre\gridcheck\frontend\node_modules\next\dist\compiled\source-map08\package.json
C:\Users\andre\gridcheck\frontend\node_modules\next\dist\compiled\stacktrace-parser\package.json
C:\Users\andre\gridcheck\frontend\node_modules\next\dist\compiled\stream-browserify\package.json
C:\Users\andre\gridcheck\frontend\node_modules\next\dist\compiled\stream-http\package.json
C:\Users\andre\gridcheck\frontend\node_modules\next\dist\compiled\string-hash\package.json
C:\Users\andre\gridcheck\frontend\node_modules\next\dist\compiled\string_decoder\package.json
C:\Users\andre\gridcheck\frontend\node_modules\next\dist\compiled\strip-ansi\package.json
C:\Users\andre\gridcheck\frontend\node_modules\next\dist\compiled\superstruct\package.json
C:\Users\andre\gridcheck\frontend\node_modules\next\dist\compiled\tar\package.json
C:\Users\andre\gridcheck\frontend\node_modules\next\dist\compiled\terser\package.json
C:\Users\andre\gridcheck\frontend\node_modules\next\dist\compiled\text-table\package.json
C:\Users\andre\gridcheck\frontend\node_modules\next\dist\compiled\timers-browserify\package.json
C:\Users\andre\gridcheck\frontend\node_modules\next\dist\compiled\tty-browserify\package.json
C:\Users\andre\gridcheck\frontend\node_modules\next\dist\compiled\ua-parser-js\package.json
C:\Users\andre\gridcheck\frontend\node_modules\next\dist\compiled\unistore\package.json
C:\Users\andre\gridcheck\frontend\node_modules\next\dist\compiled\util\package.json
C:\Users\andre\gridcheck\frontend\node_modules\next\dist\compiled\vm-browserify\package.json
C:\Users\andre\gridcheck\frontend\node_modules\next\dist\compiled\watchpack\package.json
C:\Users\andre\gridcheck\frontend\node_modules\next\dist\compiled\web-vitals\package.json
C:\Users\andre\gridcheck\frontend\node_modules\next\dist\compiled\web-vitals-attribution\package.json
C:\Users\andre\gridcheck\frontend\node_modules\next\dist\compiled\webpack\package.json
C:\Users\andre\gridcheck\frontend\node_modules\next\dist\compiled\webpack-sources1\package.json
C:\Users\andre\gridcheck\frontend\node_modules\next\dist\compiled\webpack-sources3\package.json
C:\Users\andre\gridcheck\frontend\node_modules\next\dist\compiled\ws\package.json
C:\Users\andre\gridcheck\frontend\node_modules\next\dist\compiled\zod\package.json
C:\Users\andre\gridcheck\frontend\node_modules\next\dist\src\compiled\@ampproject\toolbox-optimizer\package.json
C:\Users\andre\gridcheck\frontend\node_modules\next\node_modules\postcss\package.json
C:\Users\andre\gridcheck\frontend\node_modules\node-exports-info\package.json
C:\Users\andre\gridcheck\frontend\node_modules\node-exports-info\node_modules\semver\package.json
C:\Users\andre\gridcheck\frontend\node_modules\node-releases\package.json
C:\Users\andre\gridcheck\frontend\node_modules\normalize-path\package.json
C:\Users\andre\gridcheck\frontend\node_modules\object-assign\package.json
C:\Users\andre\gridcheck\frontend\node_modules\object-hash\package.json
C:\Users\andre\gridcheck\frontend\node_modules\object-inspect\package.json
C:\Users\andre\gridcheck\frontend\node_modules\object-keys\package.json
C:\Users\andre\gridcheck\frontend\node_modules\object.assign\package.json
C:\Users\andre\gridcheck\frontend\node_modules\object.entries\package.json
C:\Users\andre\gridcheck\frontend\node_modules\object.fromentries\package.json
C:\Users\andre\gridcheck\frontend\node_modules\object.groupby\package.json
C:\Users\andre\gridcheck\frontend\node_modules\object.values\package.json
C:\Users\andre\gridcheck\frontend\node_modules\once\package.json
C:\Users\andre\gridcheck\frontend\node_modules\optionator\package.json
C:\Users\andre\gridcheck\frontend\node_modules\own-keys\package.json
C:\Users\andre\gridcheck\frontend\node_modules\p-limit\package.json
C:\Users\andre\gridcheck\frontend\node_modules\p-locate\package.json
C:\Users\andre\gridcheck\frontend\node_modules\parent-module\package.json
C:\Users\andre\gridcheck\frontend\node_modules\path-exists\package.json
C:\Users\andre\gridcheck\frontend\node_modules\path-is-absolute\package.json
C:\Users\andre\gridcheck\frontend\node_modules\path-key\package.json
C:\Users\andre\gridcheck\frontend\node_modules\path-parse\package.json
C:\Users\andre\gridcheck\frontend\node_modules\path-scurry\package.json
C:\Users\andre\gridcheck\frontend\node_modules\path-scurry\dist\commonjs\package.json
C:\Users\andre\gridcheck\frontend\node_modules\path-scurry\dist\esm\package.json
C:\Users\andre\gridcheck\frontend\node_modules\picocolors\package.json
C:\Users\andre\gridcheck\frontend\node_modules\picomatch\package.json
C:\Users\andre\gridcheck\frontend\node_modules\pify\package.json
C:\Users\andre\gridcheck\frontend\node_modules\pirates\package.json
C:\Users\andre\gridcheck\frontend\node_modules\possible-typed-array-names\package.json
C:\Users\andre\gridcheck\frontend\node_modules\postcss\package.json
C:\Users\andre\gridcheck\frontend\node_modules\postcss-import\package.json
C:\Users\andre\gridcheck\frontend\node_modules\postcss-import\node_modules\resolve\package.json
C:\Users\andre\gridcheck\frontend\node_modules\postcss-import\node_modules\resolve\test\module_dir\zmodules\bbb\package.json
C:\Users\andre\gridcheck\frontend\node_modules\postcss-import\node_modules\resolve\test\resolver\baz\package.json
C:\Users\andre\gridcheck\frontend\node_modules\postcss-import\node_modules\resolve\test\resolver\browser_field\package.json
C:\Users\andre\gridcheck\frontend\node_modules\postcss-import\node_modules\resolve\test\resolver\dot_main\package.json
C:\Users\andre\gridcheck\frontend\node_modules\postcss-import\node_modules\resolve\test\resolver\dot_slash_main\package.json
C:\Users\andre\gridcheck\frontend\node_modules\postcss-import\node_modules\resolve\test\resolver\false_main\package.json
C:\Users\andre\gridcheck\frontend\node_modules\postcss-import\node_modules\resolve\test\resolver\incorrect_main\package.json
C:\Users\andre\gridcheck\frontend\node_modules\postcss-import\node_modules\resolve\test\resolver\invalid_main\package.json
C:\Users\andre\gridcheck\frontend\node_modules\postcss-import\node_modules\resolve\test\resolver\multirepo\package.json
C:\Users\andre\gridcheck\frontend\node_modules\postcss-import\node_modules\resolve\test\resolver\multirepo\packages\package-a\package.json
C:\Users\andre\gridcheck\frontend\node_modules\postcss-import\node_modules\resolve\test\resolver\multirepo\packages\package-b\package.json
C:\Users\andre\gridcheck\frontend\node_modules\postcss-import\node_modules\resolve\test\resolver\nested_symlinks\mylib\package.json
C:\Users\andre\gridcheck\frontend\node_modules\postcss-import\node_modules\resolve\test\resolver\symlinked\package\package.json
C:\Users\andre\gridcheck\frontend\node_modules\postcss-js\package.json
C:\Users\andre\gridcheck\frontend\node_modules\postcss-load-config\package.json
C:\Users\andre\gridcheck\frontend\node_modules\postcss-nested\package.json
C:\Users\andre\gridcheck\frontend\node_modules\postcss-selector-parser\package.json
C:\Users\andre\gridcheck\frontend\node_modules\postcss-value-parser\package.json
C:\Users\andre\gridcheck\frontend\node_modules\prelude-ls\package.json
C:\Users\andre\gridcheck\frontend\node_modules\prop-types\package.json
C:\Users\andre\gridcheck\frontend\node_modules\punycode\package.json
C:\Users\andre\gridcheck\frontend\node_modules\queue-microtask\package.json
C:\Users\andre\gridcheck\frontend\node_modules\react\package.json
C:\Users\andre\gridcheck\frontend\node_modules\react-dom\package.json
C:\Users\andre\gridcheck\frontend\node_modules\react-is\package.json
C:\Users\andre\gridcheck\frontend\node_modules\react-remove-scroll\package.json
C:\Users\andre\gridcheck\frontend\node_modules\react-remove-scroll\sidecar\package.json
C:\Users\andre\gridcheck\frontend\node_modules\react-remove-scroll\UI\package.json
C:\Users\andre\gridcheck\frontend\node_modules\react-remove-scroll-bar\package.json
C:\Users\andre\gridcheck\frontend\node_modules\react-remove-scroll-bar\constants\package.json
C:\Users\andre\gridcheck\frontend\node_modules\react-style-singleton\package.json
C:\Users\andre\gridcheck\frontend\node_modules\read-cache\package.json
C:\Users\andre\gridcheck\frontend\node_modules\readdirp\package.json
C:\Users\andre\gridcheck\frontend\node_modules\reflect.getprototypeof\package.json
C:\Users\andre\gridcheck\frontend\node_modules\regexp.prototype.flags\package.json
C:\Users\andre\gridcheck\frontend\node_modules\resolve\package.json
C:\Users\andre\gridcheck\frontend\node_modules\resolve\test\module_dir\zmodules\bbb\package.json
C:\Users\andre\gridcheck\frontend\node_modules\resolve\test\resolver\baz\package.json
C:\Users\andre\gridcheck\frontend\node_modules\resolve\test\resolver\browser_field\package.json
C:\Users\andre\gridcheck\frontend\node_modules\resolve\test\resolver\dot_main\package.json
C:\Users\andre\gridcheck\frontend\node_modules\resolve\test\resolver\dot_slash_main\package.json
C:\Users\andre\gridcheck\frontend\node_modules\resolve\test\resolver\empty_main\package.json
C:\Users\andre\gridcheck\frontend\node_modules\resolve\test\resolver\false_main\package.json
C:\Users\andre\gridcheck\frontend\node_modules\resolve\test\resolver\incorrect_main\package.json
C:\Users\andre\gridcheck\frontend\node_modules\resolve\test\resolver\invalid_main\package.json
C:\Users\andre\gridcheck\frontend\node_modules\resolve\test\resolver\missing_index\package.json
C:\Users\andre\gridcheck\frontend\node_modules\resolve\test\resolver\missing_main\package.json
C:\Users\andre\gridcheck\frontend\node_modules\resolve\test\resolver\multirepo\package.json
C:\Users\andre\gridcheck\frontend\node_modules\resolve\test\resolver\multirepo\packages\package-a\package.json
C:\Users\andre\gridcheck\frontend\node_modules\resolve\test\resolver\multirepo\packages\package-b\package.json
C:\Users\andre\gridcheck\frontend\node_modules\resolve\test\resolver\nested_symlinks\mylib\package.json
C:\Users\andre\gridcheck\frontend\node_modules\resolve\test\resolver\null_main\package.json
C:\Users\andre\gridcheck\frontend\node_modules\resolve\test\resolver\symlinked\package\package.json
C:\Users\andre\gridcheck\frontend\node_modules\resolve-from\package.json
C:\Users\andre\gridcheck\frontend\node_modules\resolve-pkg-maps\package.json
C:\Users\andre\gridcheck\frontend\node_modules\reusify\package.json
C:\Users\andre\gridcheck\frontend\node_modules\rimraf\package.json
C:\Users\andre\gridcheck\frontend\node_modules\rimraf\node_modules\glob\package.json
C:\Users\andre\gridcheck\frontend\node_modules\run-parallel\package.json
C:\Users\andre\gridcheck\frontend\node_modules\safe-array-concat\package.json
C:\Users\andre\gridcheck\frontend\node_modules\safe-push-apply\package.json
C:\Users\andre\gridcheck\frontend\node_modules\safe-regex-test\package.json
C:\Users\andre\gridcheck\frontend\node_modules\scheduler\package.json
C:\Users\andre\gridcheck\frontend\node_modules\semver\package.json
C:\Users\andre\gridcheck\frontend\node_modules\set-function-length\package.json
C:\Users\andre\gridcheck\frontend\node_modules\set-function-name\package.json
C:\Users\andre\gridcheck\frontend\node_modules\set-proto\package.json
C:\Users\andre\gridcheck\frontend\node_modules\shebang-command\package.json
C:\Users\andre\gridcheck\frontend\node_modules\shebang-regex\package.json
C:\Users\andre\gridcheck\frontend\node_modules\side-channel\package.json
C:\Users\andre\gridcheck\frontend\node_modules\side-channel-list\package.json
C:\Users\andre\gridcheck\frontend\node_modules\side-channel-map\package.json
C:\Users\andre\gridcheck\frontend\node_modules\side-channel-weakmap\package.json
C:\Users\andre\gridcheck\frontend\node_modules\signal-exit\package.json
C:\Users\andre\gridcheck\frontend\node_modules\signal-exit\dist\cjs\package.json
C:\Users\andre\gridcheck\frontend\node_modules\signal-exit\dist\mjs\package.json
C:\Users\andre\gridcheck\frontend\node_modules\sonner\package.json
C:\Users\andre\gridcheck\frontend\node_modules\source-map-js\package.json
C:\Users\andre\gridcheck\frontend\node_modules\stable-hash\package.json
C:\Users\andre\gridcheck\frontend\node_modules\stop-iteration-iterator\package.json
C:\Users\andre\gridcheck\frontend\node_modules\streamsearch\package.json
C:\Users\andre\gridcheck\frontend\node_modules\string-width\package.json
C:\Users\andre\gridcheck\frontend\node_modules\string-width\node_modules\ansi-regex\package.json
C:\Users\andre\gridcheck\frontend\node_modules\string-width\node_modules\strip-ansi\package.json
C:\Users\andre\gridcheck\frontend\node_modules\string-width-cjs\package.json
C:\Users\andre\gridcheck\frontend\node_modules\string-width-cjs\node_modules\emoji-regex\package.json
C:\Users\andre\gridcheck\frontend\node_modules\string.prototype.includes\package.json
C:\Users\andre\gridcheck\frontend\node_modules\string.prototype.matchall\package.json
C:\Users\andre\gridcheck\frontend\node_modules\string.prototype.repeat\package.json
C:\Users\andre\gridcheck\frontend\node_modules\string.prototype.trim\package.json
C:\Users\andre\gridcheck\frontend\node_modules\string.prototype.trimend\package.json
C:\Users\andre\gridcheck\frontend\node_modules\string.prototype.trimstart\package.json
C:\Users\andre\gridcheck\frontend\node_modules\strip-ansi\package.json
C:\Users\andre\gridcheck\frontend\node_modules\strip-ansi-cjs\package.json
C:\Users\andre\gridcheck\frontend\node_modules\strip-bom\package.json
C:\Users\andre\gridcheck\frontend\node_modules\strip-json-comments\package.json
C:\Users\andre\gridcheck\frontend\node_modules\styled-jsx\package.json
C:\Users\andre\gridcheck\frontend\node_modules\sucrase\package.json
C:\Users\andre\gridcheck\frontend\node_modules\supports-color\package.json
C:\Users\andre\gridcheck\frontend\node_modules\supports-preserve-symlinks-flag\package.json
C:\Users\andre\gridcheck\frontend\node_modules\tailwind-merge\package.json
C:\Users\andre\gridcheck\frontend\node_modules\tailwindcss\package.json
C:\Users\andre\gridcheck\frontend\node_modules\tailwindcss\node_modules\resolve\package.json
C:\Users\andre\gridcheck\frontend\node_modules\tailwindcss\node_modules\resolve\test\module_dir\zmodules\bbb\package.json
C:\Users\andre\gridcheck\frontend\node_modules\tailwindcss\node_modules\resolve\test\resolver\baz\package.json
C:\Users\andre\gridcheck\frontend\node_modules\tailwindcss\node_modules\resolve\test\resolver\browser_field\package.json
C:\Users\andre\gridcheck\frontend\node_modules\tailwindcss\node_modules\resolve\test\resolver\dot_main\package.json
C:\Users\andre\gridcheck\frontend\node_modules\tailwindcss\node_modules\resolve\test\resolver\dot_slash_main\package.json
C:\Users\andre\gridcheck\frontend\node_modules\tailwindcss\node_modules\resolve\test\resolver\false_main\package.json
C:\Users\andre\gridcheck\frontend\node_modules\tailwindcss\node_modules\resolve\test\resolver\incorrect_main\package.json
C:\Users\andre\gridcheck\frontend\node_modules\tailwindcss\node_modules\resolve\test\resolver\invalid_main\package.json
C:\Users\andre\gridcheck\frontend\node_modules\tailwindcss\node_modules\resolve\test\resolver\multirepo\package.json
C:\Users\andre\gridcheck\frontend\node_modules\tailwindcss\node_modules\resolve\test\resolver\multirepo\packages\package-a\package.json
C:\Users\andre\gridcheck\frontend\node_modules\tailwindcss\node_modules\resolve\test\resolver\multirepo\packages\package-b\package.json
C:\Users\andre\gridcheck\frontend\node_modules\tailwindcss\node_modules\resolve\test\resolver\nested_symlinks\mylib\package.json
C:\Users\andre\gridcheck\frontend\node_modules\tailwindcss\node_modules\resolve\test\resolver\symlinked\package\package.json
C:\Users\andre\gridcheck\frontend\node_modules\tailwindcss-animate\package.json
C:\Users\andre\gridcheck\frontend\node_modules\text-table\package.json
C:\Users\andre\gridcheck\frontend\node_modules\thenify\package.json
C:\Users\andre\gridcheck\frontend\node_modules\thenify-all\package.json
C:\Users\andre\gridcheck\frontend\node_modules\tinyglobby\package.json
C:\Users\andre\gridcheck\frontend\node_modules\tinyglobby\node_modules\fdir\package.json
C:\Users\andre\gridcheck\frontend\node_modules\tinyglobby\node_modules\picomatch\package.json
C:\Users\andre\gridcheck\frontend\node_modules\to-regex-range\package.json
C:\Users\andre\gridcheck\frontend\node_modules\ts-api-utils\package.json
C:\Users\andre\gridcheck\frontend\node_modules\ts-interface-checker\package.json
C:\Users\andre\gridcheck\frontend\node_modules\tsconfig-paths\package.json
C:\Users\andre\gridcheck\frontend\node_modules\tslib\package.json
C:\Users\andre\gridcheck\frontend\node_modules\tslib\modules\package.json
C:\Users\andre\gridcheck\frontend\node_modules\type-check\package.json
C:\Users\andre\gridcheck\frontend\node_modules\type-fest\package.json
C:\Users\andre\gridcheck\frontend\node_modules\typed-array-buffer\package.json
C:\Users\andre\gridcheck\frontend\node_modules\typed-array-byte-length\package.json
C:\Users\andre\gridcheck\frontend\node_modules\typed-array-byte-offset\package.json
C:\Users\andre\gridcheck\frontend\node_modules\typed-array-length\package.json
C:\Users\andre\gridcheck\frontend\node_modules\typescript\package.json
C:\Users\andre\gridcheck\frontend\node_modules\unbox-primitive\package.json
C:\Users\andre\gridcheck\frontend\node_modules\undici-types\package.json
C:\Users\andre\gridcheck\frontend\node_modules\unrs-resolver\package.json
C:\Users\andre\gridcheck\frontend\node_modules\update-browserslist-db\package.json
C:\Users\andre\gridcheck\frontend\node_modules\uri-js\package.json
C:\Users\andre\gridcheck\frontend\node_modules\use-callback-ref\package.json
C:\Users\andre\gridcheck\frontend\node_modules\use-sidecar\package.json
C:\Users\andre\gridcheck\frontend\node_modules\use-sync-external-store\package.json
C:\Users\andre\gridcheck\frontend\node_modules\util-deprecate\package.json
C:\Users\andre\gridcheck\frontend\node_modules\which\package.json
C:\Users\andre\gridcheck\frontend\node_modules\which-boxed-primitive\package.json
C:\Users\andre\gridcheck\frontend\node_modules\which-builtin-type\package.json
C:\Users\andre\gridcheck\frontend\node_modules\which-collection\package.json
C:\Users\andre\gridcheck\frontend\node_modules\which-typed-array\package.json
C:\Users\andre\gridcheck\frontend\node_modules\word-wrap\package.json
C:\Users\andre\gridcheck\frontend\node_modules\wrap-ansi\package.json
C:\Users\andre\gridcheck\frontend\node_modules\wrap-ansi\node_modules\ansi-regex\package.json
C:\Users\andre\gridcheck\frontend\node_modules\wrap-ansi\node_modules\ansi-styles\package.json
C:\Users\andre\gridcheck\frontend\node_modules\wrap-ansi\node_modules\strip-ansi\package.json
C:\Users\andre\gridcheck\frontend\node_modules\wrap-ansi-cjs\package.json
C:\Users\andre\gridcheck\frontend\node_modules\wrap-ansi-cjs\node_modules\emoji-regex\package.json
C:\Users\andre\gridcheck\frontend\node_modules\wrap-ansi-cjs\node_modules\string-width\package.json
C:\Users\andre\gridcheck\frontend\node_modules\wrappy\package.json
C:\Users\andre\gridcheck\frontend\node_modules\yocto-queue\package.json
C:\Users\andre\gridcheck\frontend-TRASH\package.json
C:\Users\andre\gridcheck\_archiv\frontend_backup_20260418_1450\package.json
C:\Users\andre\gridcheck\_archiv\frontend_backup_20260418_1450\node_modules\.vite\deps\package.json
C:\Users\andre\gridcheck\_archiv\frontend_backup_20260418_1450\node_modules\@alloc\quick-lru\package.json
C:\Users\andre\gridcheck\_archiv\frontend_backup_20260418_1450\node_modules\@babel\code-frame\package.json
C:\Users\andre\gridcheck\_archiv\frontend_backup_20260418_1450\node_modules\@babel\compat-data\package.json
C:\Users\andre\gridcheck\_archiv\frontend_backup_20260418_1450\node_modules\@babel\core\package.json
C:\Users\andre\gridcheck\_archiv\frontend_backup_20260418_1450\node_modules\@babel\generator\package.json
C:\Users\andre\gridcheck\_archiv\frontend_backup_20260418_1450\node_modules\@babel\helper-compilation-targets\package.json
C:\Users\andre\gridcheck\_archiv\frontend_backup_20260418_1450\node_modules\@babel\helper-globals\package.json
C:\Users\andre\gridcheck\_archiv\frontend_backup_20260418_1450\node_modules\@babel\helper-module-imports\package.json
C:\Users\andre\gridcheck\_archiv\frontend_backup_20260418_1450\node_modules\@babel\helper-module-transforms\package.json
C:\Users\andre\gridcheck\_archiv\frontend_backup_20260418_1450\node_modules\@babel\helper-string-parser\package.json
C:\Users\andre\gridcheck\_archiv\frontend_backup_20260418_1450\node_modules\@babel\helper-validator-identifier\package.json
C:\Users\andre\gridcheck\_archiv\frontend_backup_20260418_1450\node_modules\@babel\helper-validator-option\package.json
C:\Users\andre\gridcheck\_archiv\frontend_backup_20260418_1450\node_modules\@babel\helpers\package.json
C:\Users\andre\gridcheck\_archiv\frontend_backup_20260418_1450\node_modules\@babel\parser\package.json
C:\Users\andre\gridcheck\_archiv\frontend_backup_20260418_1450\node_modules\@babel\template\package.json
C:\Users\andre\gridcheck\_archiv\frontend_backup_20260418_1450\node_modules\@babel\traverse\package.json
C:\Users\andre\gridcheck\_archiv\frontend_backup_20260418_1450\node_modules\@babel\types\package.json
C:\Users\andre\gridcheck\_archiv\frontend_backup_20260418_1450\node_modules\@eslint\config-array\package.json
C:\Users\andre\gridcheck\_archiv\frontend_backup_20260418_1450\node_modules\@eslint\config-helpers\package.json
C:\Users\andre\gridcheck\_archiv\frontend_backup_20260418_1450\node_modules\@eslint\core\package.json
C:\Users\andre\gridcheck\_archiv\frontend_backup_20260418_1450\node_modules\@eslint\eslintrc\package.json
C:\Users\andre\gridcheck\_archiv\frontend_backup_20260418_1450\node_modules\@eslint\eslintrc\node_modules\globals\package.json
C:\Users\andre\gridcheck\_archiv\frontend_backup_20260418_1450\node_modules\@eslint\js\package.json
C:\Users\andre\gridcheck\_archiv\frontend_backup_20260418_1450\node_modules\@eslint\object-schema\package.json
C:\Users\andre\gridcheck\_archiv\frontend_backup_20260418_1450\node_modules\@eslint\plugin-kit\package.json
C:\Users\andre\gridcheck\_archiv\frontend_backup_20260418_1450\node_modules\@eslint-community\eslint-utils\package.json
C:\Users\andre\gridcheck\_archiv\frontend_backup_20260418_1450\node_modules\@eslint-community\eslint-utils\node_modules\eslint-visitor-keys\pac...
C:\Users\andre\gridcheck\_archiv\frontend_backup_20260418_1450\node_modules\@eslint-community\regexpp\package.json
C:\Users\andre\gridcheck\_archiv\frontend_backup_20260418_1450\node_modules\@hookform\resolvers\package.json
C:\Users\andre\gridcheck\_archiv\frontend_backup_20260418_1450\node_modules\@hookform\resolvers\ajv\package.json
C:\Users\andre\gridcheck\_archiv\frontend_backup_20260418_1450\node_modules\@hookform\resolvers\arktype\package.json
C:\Users\andre\gridcheck\_archiv\frontend_backup_20260418_1450\node_modules\@hookform\resolvers\class-validator\package.json
C:\Users\andre\gridcheck\_archiv\frontend_backup_20260418_1450\node_modules\@hookform\resolvers\computed-types\package.json
C:\Users\andre\gridcheck\_archiv\frontend_backup_20260418_1450\node_modules\@hookform\resolvers\effect-ts\package.json
C:\Users\andre\gridcheck\_archiv\frontend_backup_20260418_1450\node_modules\@hookform\resolvers\fluentvalidation-ts\package.json
C:\Users\andre\gridcheck\_archiv\frontend_backup_20260418_1450\node_modules\@hookform\resolvers\io-ts\package.json
C:\Users\andre\gridcheck\_archiv\frontend_backup_20260418_1450\node_modules\@hookform\resolvers\joi\package.json
C:\Users\andre\gridcheck\_archiv\frontend_backup_20260418_1450\node_modules\@hookform\resolvers\nope\package.json
C:\Users\andre\gridcheck\_archiv\frontend_backup_20260418_1450\node_modules\@hookform\resolvers\standard-schema\package.json
C:\Users\andre\gridcheck\_archiv\frontend_backup_20260418_1450\node_modules\@hookform\resolvers\superstruct\package.json
C:\Users\andre\gridcheck\_archiv\frontend_backup_20260418_1450\node_modules\@hookform\resolvers\typanion\package.json
C:\Users\andre\gridcheck\_archiv\frontend_backup_20260418_1450\node_modules\@hookform\resolvers\typebox\package.json
C:\Users\andre\gridcheck\_archiv\frontend_backup_20260418_1450\node_modules\@hookform\resolvers\typeschema\package.json
C:\Users\andre\gridcheck\_archiv\frontend_backup_20260418_1450\node_modules\@hookform\resolvers\valibot\package.json
C:\Users\andre\gridcheck\_archiv\frontend_backup_20260418_1450\node_modules\@hookform\resolvers\vest\package.json
C:\Users\andre\gridcheck\_archiv\frontend_backup_20260418_1450\node_modules\@hookform\resolvers\vine\package.json
C:\Users\andre\gridcheck\_archiv\frontend_backup_20260418_1450\node_modules\@hookform\resolvers\yup\package.json
C:\Users\andre\gridcheck\_archiv\frontend_backup_20260418_1450\node_modules\@hookform\resolvers\zod\package.json
C:\Users\andre\gridcheck\_archiv\frontend_backup_20260418_1450\node_modules\@humanfs\core\package.json
C:\Users\andre\gridcheck\_archiv\frontend_backup_20260418_1450\node_modules\@humanfs\node\package.json
C:\Users\andre\gridcheck\_archiv\frontend_backup_20260418_1450\node_modules\@humanwhocodes\module-importer\package.json
C:\Users\andre\gridcheck\_archiv\frontend_backup_20260418_1450\node_modules\@humanwhocodes\retry\package.json
C:\Users\andre\gridcheck\_archiv\frontend_backup_20260418_1450\node_modules\@jridgewell\gen-mapping\package.json
C:\Users\andre\gridcheck\_archiv\frontend_backup_20260418_1450\node_modules\@jridgewell\remapping\package.json
C:\Users\andre\gridcheck\_archiv\frontend_backup_20260418_1450\node_modules\@jridgewell\resolve-uri\package.json
C:\Users\andre\gridcheck\_archiv\frontend_backup_20260418_1450\node_modules\@jridgewell\sourcemap-codec\package.json
C:\Users\andre\gridcheck\_archiv\frontend_backup_20260418_1450\node_modules\@jridgewell\trace-mapping\package.json
C:\Users\andre\gridcheck\_archiv\frontend_backup_20260418_1450\node_modules\@nodelib\fs.scandir\package.json
C:\Users\andre\gridcheck\_archiv\frontend_backup_20260418_1450\node_modules\@nodelib\fs.stat\package.json
C:\Users\andre\gridcheck\_archiv\frontend_backup_20260418_1450\node_modules\@nodelib\fs.walk\package.json
C:\Users\andre\gridcheck\_archiv\frontend_backup_20260418_1450\node_modules\@oxc-project\types\package.json
C:\Users\andre\gridcheck\_archiv\frontend_backup_20260418_1450\node_modules\@radix-ui\primitive\package.json
C:\Users\andre\gridcheck\_archiv\frontend_backup_20260418_1450\node_modules\@radix-ui\react-collection\package.json
C:\Users\andre\gridcheck\_archiv\frontend_backup_20260418_1450\node_modules\@radix-ui\react-collection\node_modules\@radix-ui\react-slot\packag...
C:\Users\andre\gridcheck\_archiv\frontend_backup_20260418_1450\node_modules\@radix-ui\react-compose-refs\package.json
C:\Users\andre\gridcheck\_archiv\frontend_backup_20260418_1450\node_modules\@radix-ui\react-context\package.json
C:\Users\andre\gridcheck\_archiv\frontend_backup_20260418_1450\node_modules\@radix-ui\react-dialog\package.json
C:\Users\andre\gridcheck\_archiv\frontend_backup_20260418_1450\node_modules\@radix-ui\react-dialog\node_modules\@radix-ui\react-slot\package.json
C:\Users\andre\gridcheck\_archiv\frontend_backup_20260418_1450\node_modules\@radix-ui\react-direction\package.json
C:\Users\andre\gridcheck\_archiv\frontend_backup_20260418_1450\node_modules\@radix-ui\react-dismissable-layer\package.json
C:\Users\andre\gridcheck\_archiv\frontend_backup_20260418_1450\node_modules\@radix-ui\react-focus-guards\package.json
C:\Users\andre\gridcheck\_archiv\frontend_backup_20260418_1450\node_modules\@radix-ui\react-focus-scope\package.json
C:\Users\andre\gridcheck\_archiv\frontend_backup_20260418_1450\node_modules\@radix-ui\react-id\package.json
C:\Users\andre\gridcheck\_archiv\frontend_backup_20260418_1450\node_modules\@radix-ui\react-portal\package.json
C:\Users\andre\gridcheck\_archiv\frontend_backup_20260418_1450\node_modules\@radix-ui\react-presence\package.json
C:\Users\andre\gridcheck\_archiv\frontend_backup_20260418_1450\node_modules\@radix-ui\react-primitive\package.json
C:\Users\andre\gridcheck\_archiv\frontend_backup_20260418_1450\node_modules\@radix-ui\react-primitive\node_modules\@radix-ui\react-slot\package...
C:\Users\andre\gridcheck\_archiv\frontend_backup_20260418_1450\node_modules\@radix-ui\react-progress\package.json
C:\Users\andre\gridcheck\_archiv\frontend_backup_20260418_1450\node_modules\@radix-ui\react-progress\node_modules\@radix-ui\react-context\packa...
C:\Users\andre\gridcheck\_archiv\frontend_backup_20260418_1450\node_modules\@radix-ui\react-progress\node_modules\@radix-ui\react-primitive\pac...
C:\Users\andre\gridcheck\_archiv\frontend_backup_20260418_1450\node_modules\@radix-ui\react-roving-focus\package.json
C:\Users\andre\gridcheck\_archiv\frontend_backup_20260418_1450\node_modules\@radix-ui\react-slot\package.json
C:\Users\andre\gridcheck\_archiv\frontend_backup_20260418_1450\node_modules\@radix-ui\react-tabs\package.json
C:\Users\andre\gridcheck\_archiv\frontend_backup_20260418_1450\node_modules\@radix-ui\react-use-callback-ref\package.json
C:\Users\andre\gridcheck\_archiv\frontend_backup_20260418_1450\node_modules\@radix-ui\react-use-controllable-state\package.json
C:\Users\andre\gridcheck\_archiv\frontend_backup_20260418_1450\node_modules\@radix-ui\react-use-effect-event\package.json
C:\Users\andre\gridcheck\_archiv\frontend_backup_20260418_1450\node_modules\@radix-ui\react-use-escape-keydown\package.json
C:\Users\andre\gridcheck\_archiv\frontend_backup_20260418_1450\node_modules\@radix-ui\react-use-layout-effect\package.json
C:\Users\andre\gridcheck\_archiv\frontend_backup_20260418_1450\node_modules\@reduxjs\toolkit\package.json
C:\Users\andre\gridcheck\_archiv\frontend_backup_20260418_1450\node_modules\@reduxjs\toolkit\node_modules\immer\package.json
C:\Users\andre\gridcheck\_archiv\frontend_backup_20260418_1450\node_modules\@reduxjs\toolkit\query\package.json
C:\Users\andre\gridcheck\_archiv\frontend_backup_20260418_1450\node_modules\@reduxjs\toolkit\query\react\package.json
C:\Users\andre\gridcheck\_archiv\frontend_backup_20260418_1450\node_modules\@reduxjs\toolkit\react\package.json
C:\Users\andre\gridcheck\_archiv\frontend_backup_20260418_1450\node_modules\@rolldown\binding-win32-x64-msvc\package.json
C:\Users\andre\gridcheck\_archiv\frontend_backup_20260418_1450\node_modules\@rolldown\pluginutils\package.json
C:\Users\andre\gridcheck\_archiv\frontend_backup_20260418_1450\node_modules\@standard-schema\spec\package.json
C:\Users\andre\gridcheck\_archiv\frontend_backup_20260418_1450\node_modules\@standard-schema\utils\package.json
C:\Users\andre\gridcheck\_archiv\frontend_backup_20260418_1450\node_modules\@tanstack\query-core\package.json
C:\Users\andre\gridcheck\_archiv\frontend_backup_20260418_1450\node_modules\@tanstack\react-query\package.json
C:\Users\andre\gridcheck\_archiv\frontend_backup_20260418_1450\node_modules\@tanstack\react-query\build\query-codemods\package.json
C:\Users\andre\gridcheck\_archiv\frontend_backup_20260418_1450\node_modules\@types\d3-array\package.json
C:\Users\andre\gridcheck\_archiv\frontend_backup_20260418_1450\node_modules\@types\d3-color\package.json
C:\Users\andre\gridcheck\_archiv\frontend_backup_20260418_1450\node_modules\@types\d3-ease\package.json
C:\Users\andre\gridcheck\_archiv\frontend_backup_20260418_1450\node_modules\@types\d3-interpolate\package.json
C:\Users\andre\gridcheck\_archiv\frontend_backup_20260418_1450\node_modules\@types\d3-path\package.json
C:\Users\andre\gridcheck\_archiv\frontend_backup_20260418_1450\node_modules\@types\d3-scale\package.json
C:\Users\andre\gridcheck\_archiv\frontend_backup_20260418_1450\node_modules\@types\d3-shape\package.json
C:\Users\andre\gridcheck\_archiv\frontend_backup_20260418_1450\node_modules\@types\d3-time\package.json
C:\Users\andre\gridcheck\_archiv\frontend_backup_20260418_1450\node_modules\@types\d3-timer\package.json
C:\Users\andre\gridcheck\_archiv\frontend_backup_20260418_1450\node_modules\@types\estree\package.json
C:\Users\andre\gridcheck\_archiv\frontend_backup_20260418_1450\node_modules\@types\json-schema\package.json
C:\Users\andre\gridcheck\_archiv\frontend_backup_20260418_1450\node_modules\@types\react\package.json
C:\Users\andre\gridcheck\_archiv\frontend_backup_20260418_1450\node_modules\@types\react-dom\package.json
C:\Users\andre\gridcheck\_archiv\frontend_backup_20260418_1450\node_modules\@types\use-sync-external-store\package.json
C:\Users\andre\gridcheck\_archiv\frontend_backup_20260418_1450\node_modules\@vitejs\plugin-react\package.json
C:\Users\andre\gridcheck\_archiv\frontend_backup_20260418_1450\node_modules\acorn\package.json
C:\Users\andre\gridcheck\_archiv\frontend_backup_20260418_1450\node_modules\acorn-jsx\package.json
C:\Users\andre\gridcheck\_archiv\frontend_backup_20260418_1450\node_modules\ajv\package.json
C:\Users\andre\gridcheck\_archiv\frontend_backup_20260418_1450\node_modules\ansi-styles\package.json
C:\Users\andre\gridcheck\_archiv\frontend_backup_20260418_1450\node_modules\any-promise\package.json
C:\Users\andre\gridcheck\_archiv\frontend_backup_20260418_1450\node_modules\anymatch\package.json
C:\Users\andre\gridcheck\_archiv\frontend_backup_20260418_1450\node_modules\anymatch\node_modules\picomatch\package.json
C:\Users\andre\gridcheck\_archiv\frontend_backup_20260418_1450\node_modules\arg\package.json
C:\Users\andre\gridcheck\_archiv\frontend_backup_20260418_1450\node_modules\argparse\package.json
C:\Users\andre\gridcheck\_archiv\frontend_backup_20260418_1450\node_modules\aria-hidden\package.json
C:\Users\andre\gridcheck\_archiv\frontend_backup_20260418_1450\node_modules\asynckit\package.json
C:\Users\andre\gridcheck\_archiv\frontend_backup_20260418_1450\node_modules\autoprefixer\package.json
C:\Users\andre\gridcheck\_archiv\frontend_backup_20260418_1450\node_modules\axios\package.json
C:\Users\andre\gridcheck\_archiv\frontend_backup_20260418_1450\node_modules\balanced-match\package.json
C:\Users\andre\gridcheck\_archiv\frontend_backup_20260418_1450\node_modules\baseline-browser-mapping\package.json
C:\Users\andre\gridcheck\_archiv\frontend_backup_20260418_1450\node_modules\binary-extensions\package.json
C:\Users\andre\gridcheck\_archiv\frontend_backup_20260418_1450\node_modules\brace-expansion\package.json
C:\Users\andre\gridcheck\_archiv\frontend_backup_20260418_1450\node_modules\braces\package.json
C:\Users\andre\gridcheck\_archiv\frontend_backup_20260418_1450\node_modules\browserslist\package.json
C:\Users\andre\gridcheck\_archiv\frontend_backup_20260418_1450\node_modules\call-bind-apply-helpers\package.json
C:\Users\andre\gridcheck\_archiv\frontend_backup_20260418_1450\node_modules\callsites\package.json
C:\Users\andre\gridcheck\_archiv\frontend_backup_20260418_1450\node_modules\camelcase-css\package.json
C:\Users\andre\gridcheck\_archiv\frontend_backup_20260418_1450\node_modules\caniuse-lite\package.json
C:\Users\andre\gridcheck\_archiv\frontend_backup_20260418_1450\node_modules\chalk\package.json
C:\Users\andre\gridcheck\_archiv\frontend_backup_20260418_1450\node_modules\chokidar\package.json
C:\Users\andre\gridcheck\_archiv\frontend_backup_20260418_1450\node_modules\chokidar\node_modules\glob-parent\package.json
C:\Users\andre\gridcheck\_archiv\frontend_backup_20260418_1450\node_modules\class-variance-authority\package.json
C:\Users\andre\gridcheck\_archiv\frontend_backup_20260418_1450\node_modules\clsx\package.json
C:\Users\andre\gridcheck\_archiv\frontend_backup_20260418_1450\node_modules\color-convert\package.json
C:\Users\andre\gridcheck\_archiv\frontend_backup_20260418_1450\node_modules\color-name\package.json
C:\Users\andre\gridcheck\_archiv\frontend_backup_20260418_1450\node_modules\combined-stream\package.json
C:\Users\andre\gridcheck\_archiv\frontend_backup_20260418_1450\node_modules\commander\package.json
C:\Users\andre\gridcheck\_archiv\frontend_backup_20260418_1450\node_modules\concat-map\package.json
C:\Users\andre\gridcheck\_archiv\frontend_backup_20260418_1450\node_modules\convert-source-map\package.json
C:\Users\andre\gridcheck\_archiv\frontend_backup_20260418_1450\node_modules\cookie\package.json
C:\Users\andre\gridcheck\_archiv\frontend_backup_20260418_1450\node_modules\cross-spawn\package.json
C:\Users\andre\gridcheck\_archiv\frontend_backup_20260418_1450\node_modules\cssesc\package.json
C:\Users\andre\gridcheck\_archiv\frontend_backup_20260418_1450\node_modules\csstype\package.json
C:\Users\andre\gridcheck\_archiv\frontend_backup_20260418_1450\node_modules\d3-array\package.json
C:\Users\andre\gridcheck\_archiv\frontend_backup_20260418_1450\node_modules\d3-color\package.json
C:\Users\andre\gridcheck\_archiv\frontend_backup_20260418_1450\node_modules\d3-ease\package.json
C:\Users\andre\gridcheck\_archiv\frontend_backup_20260418_1450\node_modules\d3-format\package.json
C:\Users\andre\gridcheck\_archiv\frontend_backup_20260418_1450\node_modules\d3-interpolate\package.json
C:\Users\andre\gridcheck\_archiv\frontend_backup_20260418_1450\node_modules\d3-path\package.json
C:\Users\andre\gridcheck\_archiv\frontend_backup_20260418_1450\node_modules\d3-scale\package.json
C:\Users\andre\gridcheck\_archiv\frontend_backup_20260418_1450\node_modules\d3-shape\package.json
C:\Users\andre\gridcheck\_archiv\frontend_backup_20260418_1450\node_modules\d3-time\package.json
C:\Users\andre\gridcheck\_archiv\frontend_backup_20260418_1450\node_modules\d3-time-format\package.json
C:\Users\andre\gridcheck\_archiv\frontend_backup_20260418_1450\node_modules\d3-timer\package.json
C:\Users\andre\gridcheck\_archiv\frontend_backup_20260418_1450\node_modules\debug\package.json
C:\Users\andre\gridcheck\_archiv\frontend_backup_20260418_1450\node_modules\decimal.js-light\package.json
C:\Users\andre\gridcheck\_archiv\frontend_backup_20260418_1450\node_modules\deep-is\package.json
C:\Users\andre\gridcheck\_archiv\frontend_backup_20260418_1450\node_modules\delayed-stream\package.json
C:\Users\andre\gridcheck\_archiv\frontend_backup_20260418_1450\node_modules\detect-libc\package.json
C:\Users\andre\gridcheck\_archiv\frontend_backup_20260418_1450\node_modules\detect-node-es\package.json
C:\Users\andre\gridcheck\_archiv\frontend_backup_20260418_1450\node_modules\didyoumean\package.json
C:\Users\andre\gridcheck\_archiv\frontend_backup_20260418_1450\node_modules\dlv\package.json
C:\Users\andre\gridcheck\_archiv\frontend_backup_20260418_1450\node_modules\dunder-proto\package.json
C:\Users\andre\gridcheck\_archiv\frontend_backup_20260418_1450\node_modules\electron-to-chromium\package.json
C:\Users\andre\gridcheck\_archiv\frontend_backup_20260418_1450\node_modules\es-define-property\package.json
C:\Users\andre\gridcheck\_archiv\frontend_backup_20260418_1450\node_modules\es-errors\package.json
C:\Users\andre\gridcheck\_archiv\frontend_backup_20260418_1450\node_modules\es-object-atoms\package.json
C:\Users\andre\gridcheck\_archiv\frontend_backup_20260418_1450\node_modules\es-set-tostringtag\package.json
C:\Users\andre\gridcheck\_archiv\frontend_backup_20260418_1450\node_modules\es-toolkit\package.json
C:\Users\andre\gridcheck\_archiv\frontend_backup_20260418_1450\node_modules\escalade\package.json
C:\Users\andre\gridcheck\_archiv\frontend_backup_20260418_1450\node_modules\escape-string-regexp\package.json
C:\Users\andre\gridcheck\_archiv\frontend_backup_20260418_1450\node_modules\eslint\package.json
C:\Users\andre\gridcheck\_archiv\frontend_backup_20260418_1450\node_modules\eslint-plugin-react-hooks\package.json
C:\Users\andre\gridcheck\_archiv\frontend_backup_20260418_1450\node_modules\eslint-plugin-react-refresh\package.json
C:\Users\andre\gridcheck\_archiv\frontend_backup_20260418_1450\node_modules\eslint-scope\package.json
C:\Users\andre\gridcheck\_archiv\frontend_backup_20260418_1450\node_modules\eslint-visitor-keys\package.json
C:\Users\andre\gridcheck\_archiv\frontend_backup_20260418_1450\node_modules\espree\package.json
C:\Users\andre\gridcheck\_archiv\frontend_backup_20260418_1450\node_modules\esquery\package.json
C:\Users\andre\gridcheck\_archiv\frontend_backup_20260418_1450\node_modules\esrecurse\package.json
C:\Users\andre\gridcheck\_archiv\frontend_backup_20260418_1450\node_modules\estraverse\package.json
C:\Users\andre\gridcheck\_archiv\frontend_backup_20260418_1450\node_modules\esutils\package.json
C:\Users\andre\gridcheck\_archiv\frontend_backup_20260418_1450\node_modules\eventemitter3\package.json
C:\Users\andre\gridcheck\_archiv\frontend_backup_20260418_1450\node_modules\fast-deep-equal\package.json
C:\Users\andre\gridcheck\_archiv\frontend_backup_20260418_1450\node_modules\fast-glob\package.json
C:\Users\andre\gridcheck\_archiv\frontend_backup_20260418_1450\node_modules\fast-glob\node_modules\glob-parent\package.json
C:\Users\andre\gridcheck\_archiv\frontend_backup_20260418_1450\node_modules\fast-json-stable-stringify\package.json
C:\Users\andre\gridcheck\_archiv\frontend_backup_20260418_1450\node_modules\fast-levenshtein\package.json
C:\Users\andre\gridcheck\_archiv\frontend_backup_20260418_1450\node_modules\fastq\package.json
C:\Users\andre\gridcheck\_archiv\frontend_backup_20260418_1450\node_modules\fdir\package.json
C:\Users\andre\gridcheck\_archiv\frontend_backup_20260418_1450\node_modules\file-entry-cache\package.json
C:\Users\andre\gridcheck\_archiv\frontend_backup_20260418_1450\node_modules\fill-range\package.json
C:\Users\andre\gridcheck\_archiv\frontend_backup_20260418_1450\node_modules\find-up\package.json
C:\Users\andre\gridcheck\_archiv\frontend_backup_20260418_1450\node_modules\flat-cache\package.json
C:\Users\andre\gridcheck\_archiv\frontend_backup_20260418_1450\node_modules\flatted\package.json
C:\Users\andre\gridcheck\_archiv\frontend_backup_20260418_1450\node_modules\flatted\cjs\package.json
C:\Users\andre\gridcheck\_archiv\frontend_backup_20260418_1450\node_modules\follow-redirects\package.json
C:\Users\andre\gridcheck\_archiv\frontend_backup_20260418_1450\node_modules\form-data\package.json
C:\Users\andre\gridcheck\_archiv\frontend_backup_20260418_1450\node_modules\fraction.js\package.json
C:\Users\andre\gridcheck\_archiv\frontend_backup_20260418_1450\node_modules\function-bind\package.json
C:\Users\andre\gridcheck\_archiv\frontend_backup_20260418_1450\node_modules\gensync\package.json
C:\Users\andre\gridcheck\_archiv\frontend_backup_20260418_1450\node_modules\get-intrinsic\package.json
C:\Users\andre\gridcheck\_archiv\frontend_backup_20260418_1450\node_modules\get-nonce\package.json
C:\Users\andre\gridcheck\_archiv\frontend_backup_20260418_1450\node_modules\get-proto\package.json
C:\Users\andre\gridcheck\_archiv\frontend_backup_20260418_1450\node_modules\glob-parent\package.json
C:\Users\andre\gridcheck\_archiv\frontend_backup_20260418_1450\node_modules\globals\package.json
C:\Users\andre\gridcheck\_archiv\frontend_backup_20260418_1450\node_modules\gopd\package.json
C:\Users\andre\gridcheck\_archiv\frontend_backup_20260418_1450\node_modules\has-flag\package.json
C:\Users\andre\gridcheck\_archiv\frontend_backup_20260418_1450\node_modules\has-symbols\package.json
C:\Users\andre\gridcheck\_archiv\frontend_backup_20260418_1450\node_modules\has-tostringtag\package.json
C:\Users\andre\gridcheck\_archiv\frontend_backup_20260418_1450\node_modules\hasown\package.json
C:\Users\andre\gridcheck\_archiv\frontend_backup_20260418_1450\node_modules\hermes-estree\package.json
C:\Users\andre\gridcheck\_archiv\frontend_backup_20260418_1450\node_modules\hermes-parser\package.json
C:\Users\andre\gridcheck\_archiv\frontend_backup_20260418_1450\node_modules\ignore\package.json
C:\Users\andre\gridcheck\_archiv\frontend_backup_20260418_1450\node_modules\immer\package.json
C:\Users\andre\gridcheck\_archiv\frontend_backup_20260418_1450\node_modules\import-fresh\package.json
C:\Users\andre\gridcheck\_archiv\frontend_backup_20260418_1450\node_modules\imurmurhash\package.json
C:\Users\andre\gridcheck\_archiv\frontend_backup_20260418_1450\node_modules\internmap\package.json
C:\Users\andre\gridcheck\_archiv\frontend_backup_20260418_1450\node_modules\is-binary-path\package.json
C:\Users\andre\gridcheck\_archiv\frontend_backup_20260418_1450\node_modules\is-core-module\package.json
C:\Users\andre\gridcheck\_archiv\frontend_backup_20260418_1450\node_modules\is-extglob\package.json
C:\Users\andre\gridcheck\_archiv\frontend_backup_20260418_1450\node_modules\is-glob\package.json
C:\Users\andre\gridcheck\_archiv\frontend_backup_20260418_1450\node_modules\is-number\package.json
C:\Users\andre\gridcheck\_archiv\frontend_backup_20260418_1450\node_modules\isexe\package.json
C:\Users\andre\gridcheck\_archiv\frontend_backup_20260418_1450\node_modules\jiti\package.json
C:\Users\andre\gridcheck\_archiv\frontend_backup_20260418_1450\node_modules\js-tokens\package.json
C:\Users\andre\gridcheck\_archiv\frontend_backup_20260418_1450\node_modules\js-yaml\package.json
C:\Users\andre\gridcheck\_archiv\frontend_backup_20260418_1450\node_modules\jsesc\package.json
C:\Users\andre\gridcheck\_archiv\frontend_backup_20260418_1450\node_modules\json-buffer\package.json
C:\Users\andre\gridcheck\_archiv\frontend_backup_20260418_1450\node_modules\json-schema-traverse\package.json
C:\Users\andre\gridcheck\_archiv\frontend_backup_20260418_1450\node_modules\json-stable-stringify-without-jsonify\package.json
C:\Users\andre\gridcheck\_archiv\frontend_backup_20260418_1450\node_modules\json5\package.json
C:\Users\andre\gridcheck\_archiv\frontend_backup_20260418_1450\node_modules\keyv\package.json
C:\Users\andre\gridcheck\_archiv\frontend_backup_20260418_1450\node_modules\levn\package.json
C:\Users\andre\gridcheck\_archiv\frontend_backup_20260418_1450\node_modules\lightningcss\package.json
C:\Users\andre\gridcheck\_archiv\frontend_backup_20260418_1450\node_modules\lightningcss-win32-x64-msvc\package.json
C:\Users\andre\gridcheck\_archiv\frontend_backup_20260418_1450\node_modules\lilconfig\package.json
C:\Users\andre\gridcheck\_archiv\frontend_backup_20260418_1450\node_modules\lines-and-columns\package.json
C:\Users\andre\gridcheck\_archiv\frontend_backup_20260418_1450\node_modules\locate-path\package.json
C:\Users\andre\gridcheck\_archiv\frontend_backup_20260418_1450\node_modules\lodash.merge\package.json
C:\Users\andre\gridcheck\_archiv\frontend_backup_20260418_1450\node_modules\lru-cache\package.json
C:\Users\andre\gridcheck\_archiv\frontend_backup_20260418_1450\node_modules\lucide-react\package.json
C:\Users\andre\gridcheck\_archiv\frontend_backup_20260418_1450\node_modules\math-intrinsics\package.json
C:\Users\andre\gridcheck\_archiv\frontend_backup_20260418_1450\node_modules\merge2\package.json
C:\Users\andre\gridcheck\_archiv\frontend_backup_20260418_1450\node_modules\micromatch\package.json
C:\Users\andre\gridcheck\_archiv\frontend_backup_20260418_1450\node_modules\micromatch\node_modules\picomatch\package.json
C:\Users\andre\gridcheck\_archiv\frontend_backup_20260418_1450\node_modules\mime-db\package.json
C:\Users\andre\gridcheck\_archiv\frontend_backup_20260418_1450\node_modules\mime-types\package.json
C:\Users\andre\gridcheck\_archiv\frontend_backup_20260418_1450\node_modules\minimatch\package.json
C:\Users\andre\gridcheck\_archiv\frontend_backup_20260418_1450\node_modules\ms\package.json
C:\Users\andre\gridcheck\_archiv\frontend_backup_20260418_1450\node_modules\mz\package.json
C:\Users\andre\gridcheck\_archiv\frontend_backup_20260418_1450\node_modules\nanoid\package.json
C:\Users\andre\gridcheck\_archiv\frontend_backup_20260418_1450\node_modules\nanoid\async\package.json
C:\Users\andre\gridcheck\_archiv\frontend_backup_20260418_1450\node_modules\nanoid\non-secure\package.json
C:\Users\andre\gridcheck\_archiv\frontend_backup_20260418_1450\node_modules\nanoid\url-alphabet\package.json
C:\Users\andre\gridcheck\_archiv\frontend_backup_20260418_1450\node_modules\natural-compare\package.json
C:\Users\andre\gridcheck\_archiv\frontend_backup_20260418_1450\node_modules\node-releases\package.json
C:\Users\andre\gridcheck\_archiv\frontend_backup_20260418_1450\node_modules\normalize-path\package.json
C:\Users\andre\gridcheck\_archiv\frontend_backup_20260418_1450\node_modules\object-assign\package.json
C:\Users\andre\gridcheck\_archiv\frontend_backup_20260418_1450\node_modules\object-hash\package.json
C:\Users\andre\gridcheck\_archiv\frontend_backup_20260418_1450\node_modules\optionator\package.json
C:\Users\andre\gridcheck\_archiv\frontend_backup_20260418_1450\node_modules\p-limit\package.json
C:\Users\andre\gridcheck\_archiv\frontend_backup_20260418_1450\node_modules\p-locate\package.json
C:\Users\andre\gridcheck\_archiv\frontend_backup_20260418_1450\node_modules\parent-module\package.json
C:\Users\andre\gridcheck\_archiv\frontend_backup_20260418_1450\node_modules\path-exists\package.json
C:\Users\andre\gridcheck\_archiv\frontend_backup_20260418_1450\node_modules\path-key\package.json
C:\Users\andre\gridcheck\_archiv\frontend_backup_20260418_1450\node_modules\path-parse\package.json
C:\Users\andre\gridcheck\_archiv\frontend_backup_20260418_1450\node_modules\picocolors\package.json
C:\Users\andre\gridcheck\_archiv\frontend_backup_20260418_1450\node_modules\picomatch\package.json
C:\Users\andre\gridcheck\_archiv\frontend_backup_20260418_1450\node_modules\pify\package.json
C:\Users\andre\gridcheck\_archiv\frontend_backup_20260418_1450\node_modules\pirates\package.json
C:\Users\andre\gridcheck\_archiv\frontend_backup_20260418_1450\node_modules\postcss\package.json
C:\Users\andre\gridcheck\_archiv\frontend_backup_20260418_1450\node_modules\postcss-import\package.json
C:\Users\andre\gridcheck\_archiv\frontend_backup_20260418_1450\node_modules\postcss-js\package.json
C:\Users\andre\gridcheck\_archiv\frontend_backup_20260418_1450\node_modules\postcss-load-config\package.json
C:\Users\andre\gridcheck\_archiv\frontend_backup_20260418_1450\node_modules\postcss-nested\package.json
C:\Users\andre\gridcheck\_archiv\frontend_backup_20260418_1450\node_modules\postcss-selector-parser\package.json
C:\Users\andre\gridcheck\_archiv\frontend_backup_20260418_1450\node_modules\postcss-value-parser\package.json
C:\Users\andre\gridcheck\_archiv\frontend_backup_20260418_1450\node_modules\prelude-ls\package.json
C:\Users\andre\gridcheck\_archiv\frontend_backup_20260418_1450\node_modules\proxy-from-env\package.json
C:\Users\andre\gridcheck\_archiv\frontend_backup_20260418_1450\node_modules\punycode\package.json
C:\Users\andre\gridcheck\_archiv\frontend_backup_20260418_1450\node_modules\queue-microtask\package.json
C:\Users\andre\gridcheck\_archiv\frontend_backup_20260418_1450\node_modules\react\package.json
C:\Users\andre\gridcheck\_archiv\frontend_backup_20260418_1450\node_modules\react-dom\package.json
C:\Users\andre\gridcheck\_archiv\frontend_backup_20260418_1450\node_modules\react-hook-form\package.json
C:\Users\andre\gridcheck\_archiv\frontend_backup_20260418_1450\node_modules\react-is\package.json
C:\Users\andre\gridcheck\_archiv\frontend_backup_20260418_1450\node_modules\react-redux\package.json
C:\Users\andre\gridcheck\_archiv\frontend_backup_20260418_1450\node_modules\react-remove-scroll\package.json
C:\Users\andre\gridcheck\_archiv\frontend_backup_20260418_1450\node_modules\react-remove-scroll\sidecar\package.json
C:\Users\andre\gridcheck\_archiv\frontend_backup_20260418_1450\node_modules\react-remove-scroll\UI\package.json
C:\Users\andre\gridcheck\_archiv\frontend_backup_20260418_1450\node_modules\react-remove-scroll-bar\package.json
C:\Users\andre\gridcheck\_archiv\frontend_backup_20260418_1450\node_modules\react-remove-scroll-bar\constants\package.json
C:\Users\andre\gridcheck\_archiv\frontend_backup_20260418_1450\node_modules\react-router\package.json
C:\Users\andre\gridcheck\_archiv\frontend_backup_20260418_1450\node_modules\react-router-dom\package.json
C:\Users\andre\gridcheck\_archiv\frontend_backup_20260418_1450\node_modules\react-style-singleton\package.json
C:\Users\andre\gridcheck\_archiv\frontend_backup_20260418_1450\node_modules\read-cache\package.json
C:\Users\andre\gridcheck\_archiv\frontend_backup_20260418_1450\node_modules\readdirp\package.json
C:\Users\andre\gridcheck\_archiv\frontend_backup_20260418_1450\node_modules\readdirp\node_modules\picomatch\package.json
C:\Users\andre\gridcheck\_archiv\frontend_backup_20260418_1450\node_modules\recharts\package.json
C:\Users\andre\gridcheck\_archiv\frontend_backup_20260418_1450\node_modules\redux\package.json
C:\Users\andre\gridcheck\_archiv\frontend_backup_20260418_1450\node_modules\redux-thunk\package.json
C:\Users\andre\gridcheck\_archiv\frontend_backup_20260418_1450\node_modules\reselect\package.json
C:\Users\andre\gridcheck\_archiv\frontend_backup_20260418_1450\node_modules\resolve\package.json
C:\Users\andre\gridcheck\_archiv\frontend_backup_20260418_1450\node_modules\resolve\test\module_dir\zmodules\bbb\package.json
C:\Users\andre\gridcheck\_archiv\frontend_backup_20260418_1450\node_modules\resolve\test\resolver\baz\package.json
C:\Users\andre\gridcheck\_archiv\frontend_backup_20260418_1450\node_modules\resolve\test\resolver\browser_field\package.json
C:\Users\andre\gridcheck\_archiv\frontend_backup_20260418_1450\node_modules\resolve\test\resolver\dot_main\package.json
C:\Users\andre\gridcheck\_archiv\frontend_backup_20260418_1450\node_modules\resolve\test\resolver\dot_slash_main\package.json
C:\Users\andre\gridcheck\_archiv\frontend_backup_20260418_1450\node_modules\resolve\test\resolver\false_main\package.json
C:\Users\andre\gridcheck\_archiv\frontend_backup_20260418_1450\node_modules\resolve\test\resolver\incorrect_main\package.json
C:\Users\andre\gridcheck\_archiv\frontend_backup_20260418_1450\node_modules\resolve\test\resolver\invalid_main\package.json
C:\Users\andre\gridcheck\_archiv\frontend_backup_20260418_1450\node_modules\resolve\test\resolver\multirepo\package.json
C:\Users\andre\gridcheck\_archiv\frontend_backup_20260418_1450\node_modules\resolve\test\resolver\multirepo\packages\package-a\package.json
C:\Users\andre\gridcheck\_archiv\frontend_backup_20260418_1450\node_modules\resolve\test\resolver\multirepo\packages\package-b\package.json
C:\Users\andre\gridcheck\_archiv\frontend_backup_20260418_1450\node_modules\resolve\test\resolver\nested_symlinks\mylib\package.json
C:\Users\andre\gridcheck\_archiv\frontend_backup_20260418_1450\node_modules\resolve\test\resolver\symlinked\package\package.json
C:\Users\andre\gridcheck\_archiv\frontend_backup_20260418_1450\node_modules\resolve-from\package.json
C:\Users\andre\gridcheck\_archiv\frontend_backup_20260418_1450\node_modules\reusify\package.json
C:\Users\andre\gridcheck\_archiv\frontend_backup_20260418_1450\node_modules\rolldown\package.json
C:\Users\andre\gridcheck\_archiv\frontend_backup_20260418_1450\node_modules\rolldown\node_modules\@rolldown\pluginutils\package.json
C:\Users\andre\gridcheck\_archiv\frontend_backup_20260418_1450\node_modules\run-parallel\package.json
C:\Users\andre\gridcheck\_archiv\frontend_backup_20260418_1450\node_modules\scheduler\package.json
C:\Users\andre\gridcheck\_archiv\frontend_backup_20260418_1450\node_modules\semver\package.json
C:\Users\andre\gridcheck\_archiv\frontend_backup_20260418_1450\node_modules\set-cookie-parser\package.json
C:\Users\andre\gridcheck\_archiv\frontend_backup_20260418_1450\node_modules\shebang-command\package.json
C:\Users\andre\gridcheck\_archiv\frontend_backup_20260418_1450\node_modules\shebang-regex\package.json
C:\Users\andre\gridcheck\_archiv\frontend_backup_20260418_1450\node_modules\source-map-js\package.json
C:\Users\andre\gridcheck\_archiv\frontend_backup_20260418_1450\node_modules\strip-json-comments\package.json
C:\Users\andre\gridcheck\_archiv\frontend_backup_20260418_1450\node_modules\sucrase\package.json
C:\Users\andre\gridcheck\_archiv\frontend_backup_20260418_1450\node_modules\supports-color\package.json
C:\Users\andre\gridcheck\_archiv\frontend_backup_20260418_1450\node_modules\supports-preserve-symlinks-flag\package.json
C:\Users\andre\gridcheck\_archiv\frontend_backup_20260418_1450\node_modules\tailwind-merge\package.json
C:\Users\andre\gridcheck\_archiv\frontend_backup_20260418_1450\node_modules\tailwindcss\package.json
C:\Users\andre\gridcheck\_archiv\frontend_backup_20260418_1450\node_modules\thenify\package.json
C:\Users\andre\gridcheck\_archiv\frontend_backup_20260418_1450\node_modules\thenify-all\package.json
C:\Users\andre\gridcheck\_archiv\frontend_backup_20260418_1450\node_modules\tiny-invariant\package.json
C:\Users\andre\gridcheck\_archiv\frontend_backup_20260418_1450\node_modules\tiny-invariant\dist\esm\package.json
C:\Users\andre\gridcheck\_archiv\frontend_backup_20260418_1450\node_modules\tinyglobby\package.json
C:\Users\andre\gridcheck\_archiv\frontend_backup_20260418_1450\node_modules\to-regex-range\package.json
C:\Users\andre\gridcheck\_archiv\frontend_backup_20260418_1450\node_modules\ts-interface-checker\package.json
C:\Users\andre\gridcheck\_archiv\frontend_backup_20260418_1450\node_modules\tslib\package.json
C:\Users\andre\gridcheck\_archiv\frontend_backup_20260418_1450\node_modules\tslib\modules\package.json
C:\Users\andre\gridcheck\_archiv\frontend_backup_20260418_1450\node_modules\type-check\package.json
C:\Users\andre\gridcheck\_archiv\frontend_backup_20260418_1450\node_modules\update-browserslist-db\package.json
C:\Users\andre\gridcheck\_archiv\frontend_backup_20260418_1450\node_modules\uri-js\package.json
C:\Users\andre\gridcheck\_archiv\frontend_backup_20260418_1450\node_modules\use-callback-ref\package.json
C:\Users\andre\gridcheck\_archiv\frontend_backup_20260418_1450\node_modules\use-sidecar\package.json
C:\Users\andre\gridcheck\_archiv\frontend_backup_20260418_1450\node_modules\use-sync-external-store\package.json
C:\Users\andre\gridcheck\_archiv\frontend_backup_20260418_1450\node_modules\util-deprecate\package.json
C:\Users\andre\gridcheck\_archiv\frontend_backup_20260418_1450\node_modules\victory-vendor\package.json
C:\Users\andre\gridcheck\_archiv\frontend_backup_20260418_1450\node_modules\vite\package.json
C:\Users\andre\gridcheck\_archiv\frontend_backup_20260418_1450\node_modules\which\package.json
C:\Users\andre\gridcheck\_archiv\frontend_backup_20260418_1450\node_modules\word-wrap\package.json
C:\Users\andre\gridcheck\_archiv\frontend_backup_20260418_1450\node_modules\yallist\package.json
C:\Users\andre\gridcheck\_archiv\frontend_backup_20260418_1450\node_modules\yocto-queue\package.json
C:\Users\andre\gridcheck\_archiv\frontend_backup_20260418_1450\node_modules\zod\package.json
C:\Users\andre\gridcheck\_archiv\frontend_backup_20260418_1450\node_modules\zod\locales\package.json
C:\Users\andre\gridcheck\_archiv\frontend_backup_20260418_1450\node_modules\zod\mini\package.json
C:\Users\andre\gridcheck\_archiv\frontend_backup_20260418_1450\node_modules\zod\v3\package.json
C:\Users\andre\gridcheck\_archiv\frontend_backup_20260418_1450\node_modules\zod\v4\package.json
C:\Users\andre\gridcheck\_archiv\frontend_backup_20260418_1450\node_modules\zod\v4\classic\package.json
C:\Users\andre\gridcheck\_archiv\frontend_backup_20260418_1450\node_modules\zod\v4\core\package.json
C:\Users\andre\gridcheck\_archiv\frontend_backup_20260418_1450\node_modules\zod\v4\locales\package.json
C:\Users\andre\gridcheck\_archiv\frontend_backup_20260418_1450\node_modules\zod\v4\mini\package.json
C:\Users\andre\gridcheck\_archiv\frontend_backup_20260418_1450\node_modules\zod\v4-mini\package.json
C:\Users\andre\gridcheck\_archiv\frontend_backup_20260418_1450\node_modules\zod-validation-error\package.json
C:\Users\andre\gridcheck\_archiv\frontend_vite_configs\package.json
C:\Users\andre\gridcheck\_archiv\frontend_vite_configs\node_modules\.vite\deps\package.json
C:\Users\andre\gridcheck\_archiv\frontend_vite_configs\node_modules\@alloc\quick-lru\package.json
C:\Users\andre\gridcheck\_archiv\frontend_vite_configs\node_modules\@babel\code-frame\package.json
C:\Users\andre\gridcheck\_archiv\frontend_vite_configs\node_modules\@babel\compat-data\package.json
C:\Users\andre\gridcheck\_archiv\frontend_vite_configs\node_modules\@babel\core\package.json
C:\Users\andre\gridcheck\_archiv\frontend_vite_configs\node_modules\@babel\generator\package.json
C:\Users\andre\gridcheck\_archiv\frontend_vite_configs\node_modules\@babel\helper-compilation-targets\package.json
C:\Users\andre\gridcheck\_archiv\frontend_vite_configs\node_modules\@babel\helper-globals\package.json
C:\Users\andre\gridcheck\_archiv\frontend_vite_configs\node_modules\@babel\helper-module-imports\package.json
C:\Users\andre\gridcheck\_archiv\frontend_vite_configs\node_modules\@babel\helper-module-transforms\package.json
C:\Users\andre\gridcheck\_archiv\frontend_vite_configs\node_modules\@babel\helper-string-parser\package.json
C:\Users\andre\gridcheck\_archiv\frontend_vite_configs\node_modules\@babel\helper-validator-identifier\package.json
C:\Users\andre\gridcheck\_archiv\frontend_vite_configs\node_modules\@babel\helper-validator-option\package.json
C:\Users\andre\gridcheck\_archiv\frontend_vite_configs\node_modules\@babel\helpers\package.json
C:\Users\andre\gridcheck\_archiv\frontend_vite_configs\node_modules\@babel\parser\package.json
C:\Users\andre\gridcheck\_archiv\frontend_vite_configs\node_modules\@babel\template\package.json
C:\Users\andre\gridcheck\_archiv\frontend_vite_configs\node_modules\@babel\traverse\package.json
C:\Users\andre\gridcheck\_archiv\frontend_vite_configs\node_modules\@babel\types\package.json
C:\Users\andre\gridcheck\_archiv\frontend_vite_configs\node_modules\@eslint\config-array\package.json
C:\Users\andre\gridcheck\_archiv\frontend_vite_configs\node_modules\@eslint\config-helpers\package.json
C:\Users\andre\gridcheck\_archiv\frontend_vite_configs\node_modules\@eslint\core\package.json
C:\Users\andre\gridcheck\_archiv\frontend_vite_configs\node_modules\@eslint\eslintrc\package.json
C:\Users\andre\gridcheck\_archiv\frontend_vite_configs\node_modules\@eslint\eslintrc\node_modules\globals\package.json
C:\Users\andre\gridcheck\_archiv\frontend_vite_configs\node_modules\@eslint\js\package.json
C:\Users\andre\gridcheck\_archiv\frontend_vite_configs\node_modules\@eslint\object-schema\package.json
C:\Users\andre\gridcheck\_archiv\frontend_vite_configs\node_modules\@eslint\plugin-kit\package.json
C:\Users\andre\gridcheck\_archiv\frontend_vite_configs\node_modules\@eslint-community\eslint-utils\package.json
C:\Users\andre\gridcheck\_archiv\frontend_vite_configs\node_modules\@eslint-community\eslint-utils\node_modules\eslint-visitor-keys\package.json
C:\Users\andre\gridcheck\_archiv\frontend_vite_configs\node_modules\@eslint-community\regexpp\package.json
C:\Users\andre\gridcheck\_archiv\frontend_vite_configs\node_modules\@hookform\resolvers\package.json
C:\Users\andre\gridcheck\_archiv\frontend_vite_configs\node_modules\@hookform\resolvers\ajv\package.json
C:\Users\andre\gridcheck\_archiv\frontend_vite_configs\node_modules\@hookform\resolvers\arktype\package.json
C:\Users\andre\gridcheck\_archiv\frontend_vite_configs\node_modules\@hookform\resolvers\class-validator\package.json
C:\Users\andre\gridcheck\_archiv\frontend_vite_configs\node_modules\@hookform\resolvers\computed-types\package.json
C:\Users\andre\gridcheck\_archiv\frontend_vite_configs\node_modules\@hookform\resolvers\effect-ts\package.json
C:\Users\andre\gridcheck\_archiv\frontend_vite_configs\node_modules\@hookform\resolvers\fluentvalidation-ts\package.json
C:\Users\andre\gridcheck\_archiv\frontend_vite_configs\node_modules\@hookform\resolvers\io-ts\package.json
C:\Users\andre\gridcheck\_archiv\frontend_vite_configs\node_modules\@hookform\resolvers\joi\package.json
C:\Users\andre\gridcheck\_archiv\frontend_vite_configs\node_modules\@hookform\resolvers\nope\package.json
C:\Users\andre\gridcheck\_archiv\frontend_vite_configs\node_modules\@hookform\resolvers\standard-schema\package.json
C:\Users\andre\gridcheck\_archiv\frontend_vite_configs\node_modules\@hookform\resolvers\superstruct\package.json
C:\Users\andre\gridcheck\_archiv\frontend_vite_configs\node_modules\@hookform\resolvers\typanion\package.json
C:\Users\andre\gridcheck\_archiv\frontend_vite_configs\node_modules\@hookform\resolvers\typebox\package.json
C:\Users\andre\gridcheck\_archiv\frontend_vite_configs\node_modules\@hookform\resolvers\typeschema\package.json
C:\Users\andre\gridcheck\_archiv\frontend_vite_configs\node_modules\@hookform\resolvers\valibot\package.json
C:\Users\andre\gridcheck\_archiv\frontend_vite_configs\node_modules\@hookform\resolvers\vest\package.json
C:\Users\andre\gridcheck\_archiv\frontend_vite_configs\node_modules\@hookform\resolvers\vine\package.json
C:\Users\andre\gridcheck\_archiv\frontend_vite_configs\node_modules\@hookform\resolvers\yup\package.json
C:\Users\andre\gridcheck\_archiv\frontend_vite_configs\node_modules\@hookform\resolvers\zod\package.json
C:\Users\andre\gridcheck\_archiv\frontend_vite_configs\node_modules\@humanfs\core\package.json
C:\Users\andre\gridcheck\_archiv\frontend_vite_configs\node_modules\@humanfs\node\package.json
C:\Users\andre\gridcheck\_archiv\frontend_vite_configs\node_modules\@humanwhocodes\module-importer\package.json
C:\Users\andre\gridcheck\_archiv\frontend_vite_configs\node_modules\@humanwhocodes\retry\package.json
C:\Users\andre\gridcheck\_archiv\frontend_vite_configs\node_modules\@jridgewell\gen-mapping\package.json
C:\Users\andre\gridcheck\_archiv\frontend_vite_configs\node_modules\@jridgewell\remapping\package.json
C:\Users\andre\gridcheck\_archiv\frontend_vite_configs\node_modules\@jridgewell\resolve-uri\package.json
C:\Users\andre\gridcheck\_archiv\frontend_vite_configs\node_modules\@jridgewell\sourcemap-codec\package.json
C:\Users\andre\gridcheck\_archiv\frontend_vite_configs\node_modules\@jridgewell\trace-mapping\package.json
C:\Users\andre\gridcheck\_archiv\frontend_vite_configs\node_modules\@nodelib\fs.scandir\package.json
C:\Users\andre\gridcheck\_archiv\frontend_vite_configs\node_modules\@nodelib\fs.stat\package.json
C:\Users\andre\gridcheck\_archiv\frontend_vite_configs\node_modules\@nodelib\fs.walk\package.json
C:\Users\andre\gridcheck\_archiv\frontend_vite_configs\node_modules\@oxc-project\types\package.json
C:\Users\andre\gridcheck\_archiv\frontend_vite_configs\node_modules\@radix-ui\primitive\package.json
C:\Users\andre\gridcheck\_archiv\frontend_vite_configs\node_modules\@radix-ui\react-collection\package.json
C:\Users\andre\gridcheck\_archiv\frontend_vite_configs\node_modules\@radix-ui\react-collection\node_modules\@radix-ui\react-slot\package.json
C:\Users\andre\gridcheck\_archiv\frontend_vite_configs\node_modules\@radix-ui\react-compose-refs\package.json
C:\Users\andre\gridcheck\_archiv\frontend_vite_configs\node_modules\@radix-ui\react-context\package.json
C:\Users\andre\gridcheck\_archiv\frontend_vite_configs\node_modules\@radix-ui\react-dialog\package.json
C:\Users\andre\gridcheck\_archiv\frontend_vite_configs\node_modules\@radix-ui\react-dialog\node_modules\@radix-ui\react-slot\package.json
C:\Users\andre\gridcheck\_archiv\frontend_vite_configs\node_modules\@radix-ui\react-direction\package.json
C:\Users\andre\gridcheck\_archiv\frontend_vite_configs\node_modules\@radix-ui\react-dismissable-layer\package.json
C:\Users\andre\gridcheck\_archiv\frontend_vite_configs\node_modules\@radix-ui\react-focus-guards\package.json
C:\Users\andre\gridcheck\_archiv\frontend_vite_configs\node_modules\@radix-ui\react-focus-scope\package.json
C:\Users\andre\gridcheck\_archiv\frontend_vite_configs\node_modules\@radix-ui\react-id\package.json
C:\Users\andre\gridcheck\_archiv\frontend_vite_configs\node_modules\@radix-ui\react-portal\package.json
C:\Users\andre\gridcheck\_archiv\frontend_vite_configs\node_modules\@radix-ui\react-presence\package.json
C:\Users\andre\gridcheck\_archiv\frontend_vite_configs\node_modules\@radix-ui\react-primitive\package.json
C:\Users\andre\gridcheck\_archiv\frontend_vite_configs\node_modules\@radix-ui\react-primitive\node_modules\@radix-ui\react-slot\package.json
C:\Users\andre\gridcheck\_archiv\frontend_vite_configs\node_modules\@radix-ui\react-progress\package.json
C:\Users\andre\gridcheck\_archiv\frontend_vite_configs\node_modules\@radix-ui\react-progress\node_modules\@radix-ui\react-context\package.json
C:\Users\andre\gridcheck\_archiv\frontend_vite_configs\node_modules\@radix-ui\react-progress\node_modules\@radix-ui\react-primitive\package.json
C:\Users\andre\gridcheck\_archiv\frontend_vite_configs\node_modules\@radix-ui\react-roving-focus\package.json
C:\Users\andre\gridcheck\_archiv\frontend_vite_configs\node_modules\@radix-ui\react-slot\package.json
C:\Users\andre\gridcheck\_archiv\frontend_vite_configs\node_modules\@radix-ui\react-tabs\package.json
C:\Users\andre\gridcheck\_archiv\frontend_vite_configs\node_modules\@radix-ui\react-use-callback-ref\package.json
C:\Users\andre\gridcheck\_archiv\frontend_vite_configs\node_modules\@radix-ui\react-use-controllable-state\package.json
C:\Users\andre\gridcheck\_archiv\frontend_vite_configs\node_modules\@radix-ui\react-use-effect-event\package.json
C:\Users\andre\gridcheck\_archiv\frontend_vite_configs\node_modules\@radix-ui\react-use-escape-keydown\package.json
C:\Users\andre\gridcheck\_archiv\frontend_vite_configs\node_modules\@radix-ui\react-use-layout-effect\package.json
C:\Users\andre\gridcheck\_archiv\frontend_vite_configs\node_modules\@reduxjs\toolkit\package.json
C:\Users\andre\gridcheck\_archiv\frontend_vite_configs\node_modules\@reduxjs\toolkit\node_modules\immer\package.json
C:\Users\andre\gridcheck\_archiv\frontend_vite_configs\node_modules\@reduxjs\toolkit\query\package.json
C:\Users\andre\gridcheck\_archiv\frontend_vite_configs\node_modules\@reduxjs\toolkit\query\react\package.json
C:\Users\andre\gridcheck\_archiv\frontend_vite_configs\node_modules\@reduxjs\toolkit\react\package.json
C:\Users\andre\gridcheck\_archiv\frontend_vite_configs\node_modules\@rolldown\binding-win32-x64-msvc\package.json
C:\Users\andre\gridcheck\_archiv\frontend_vite_configs\node_modules\@rolldown\pluginutils\package.json
C:\Users\andre\gridcheck\_archiv\frontend_vite_configs\node_modules\@standard-schema\spec\package.json
C:\Users\andre\gridcheck\_archiv\frontend_vite_configs\node_modules\@standard-schema\utils\package.json
C:\Users\andre\gridcheck\_archiv\frontend_vite_configs\node_modules\@tanstack\query-core\package.json
C:\Users\andre\gridcheck\_archiv\frontend_vite_configs\node_modules\@tanstack\react-query\package.json
C:\Users\andre\gridcheck\_archiv\frontend_vite_configs\node_modules\@tanstack\react-query\build\query-codemods\package.json
C:\Users\andre\gridcheck\_archiv\frontend_vite_configs\node_modules\@types\d3-array\package.json
C:\Users\andre\gridcheck\_archiv\frontend_vite_configs\node_modules\@types\d3-color\package.json
C:\Users\andre\gridcheck\_archiv\frontend_vite_configs\node_modules\@types\d3-ease\package.json
C:\Users\andre\gridcheck\_archiv\frontend_vite_configs\node_modules\@types\d3-interpolate\package.json
C:\Users\andre\gridcheck\_archiv\frontend_vite_configs\node_modules\@types\d3-path\package.json
C:\Users\andre\gridcheck\_archiv\frontend_vite_configs\node_modules\@types\d3-scale\package.json
C:\Users\andre\gridcheck\_archiv\frontend_vite_configs\node_modules\@types\d3-shape\package.json
C:\Users\andre\gridcheck\_archiv\frontend_vite_configs\node_modules\@types\d3-time\package.json
C:\Users\andre\gridcheck\_archiv\frontend_vite_configs\node_modules\@types\d3-timer\package.json
C:\Users\andre\gridcheck\_archiv\frontend_vite_configs\node_modules\@types\estree\package.json
C:\Users\andre\gridcheck\_archiv\frontend_vite_configs\node_modules\@types\json-schema\package.json
C:\Users\andre\gridcheck\_archiv\frontend_vite_configs\node_modules\@types\react\package.json
C:\Users\andre\gridcheck\_archiv\frontend_vite_configs\node_modules\@types\react-dom\package.json
C:\Users\andre\gridcheck\_archiv\frontend_vite_configs\node_modules\@types\use-sync-external-store\package.json
C:\Users\andre\gridcheck\_archiv\frontend_vite_configs\node_modules\@vitejs\plugin-react\package.json
C:\Users\andre\gridcheck\_archiv\frontend_vite_configs\node_modules\acorn\package.json
C:\Users\andre\gridcheck\_archiv\frontend_vite_configs\node_modules\acorn-jsx\package.json
C:\Users\andre\gridcheck\_archiv\frontend_vite_configs\node_modules\ajv\package.json
C:\Users\andre\gridcheck\_archiv\frontend_vite_configs\node_modules\ansi-styles\package.json
C:\Users\andre\gridcheck\_archiv\frontend_vite_configs\node_modules\any-promise\package.json
C:\Users\andre\gridcheck\_archiv\frontend_vite_configs\node_modules\anymatch\package.json
C:\Users\andre\gridcheck\_archiv\frontend_vite_configs\node_modules\anymatch\node_modules\picomatch\package.json
C:\Users\andre\gridcheck\_archiv\frontend_vite_configs\node_modules\arg\package.json
C:\Users\andre\gridcheck\_archiv\frontend_vite_configs\node_modules\argparse\package.json
C:\Users\andre\gridcheck\_archiv\frontend_vite_configs\node_modules\aria-hidden\package.json
C:\Users\andre\gridcheck\_archiv\frontend_vite_configs\node_modules\asynckit\package.json
C:\Users\andre\gridcheck\_archiv\frontend_vite_configs\node_modules\autoprefixer\package.json
C:\Users\andre\gridcheck\_archiv\frontend_vite_configs\node_modules\axios\package.json
C:\Users\andre\gridcheck\_archiv\frontend_vite_configs\node_modules\balanced-match\package.json
C:\Users\andre\gridcheck\_archiv\frontend_vite_configs\node_modules\baseline-browser-mapping\package.json
C:\Users\andre\gridcheck\_archiv\frontend_vite_configs\node_modules\binary-extensions\package.json
C:\Users\andre\gridcheck\_archiv\frontend_vite_configs\node_modules\brace-expansion\package.json
C:\Users\andre\gridcheck\_archiv\frontend_vite_configs\node_modules\braces\package.json
C:\Users\andre\gridcheck\_archiv\frontend_vite_configs\node_modules\browserslist\package.json
C:\Users\andre\gridcheck\_archiv\frontend_vite_configs\node_modules\call-bind-apply-helpers\package.json
C:\Users\andre\gridcheck\_archiv\frontend_vite_configs\node_modules\callsites\package.json
C:\Users\andre\gridcheck\_archiv\frontend_vite_configs\node_modules\camelcase-css\package.json
C:\Users\andre\gridcheck\_archiv\frontend_vite_configs\node_modules\caniuse-lite\package.json
C:\Users\andre\gridcheck\_archiv\frontend_vite_configs\node_modules\chalk\package.json
C:\Users\andre\gridcheck\_archiv\frontend_vite_configs\node_modules\chokidar\package.json
C:\Users\andre\gridcheck\_archiv\frontend_vite_configs\node_modules\chokidar\node_modules\glob-parent\package.json
C:\Users\andre\gridcheck\_archiv\frontend_vite_configs\node_modules\class-variance-authority\package.json
C:\Users\andre\gridcheck\_archiv\frontend_vite_configs\node_modules\clsx\package.json
C:\Users\andre\gridcheck\_archiv\frontend_vite_configs\node_modules\color-convert\package.json
C:\Users\andre\gridcheck\_archiv\frontend_vite_configs\node_modules\color-name\package.json
C:\Users\andre\gridcheck\_archiv\frontend_vite_configs\node_modules\combined-stream\package.json
C:\Users\andre\gridcheck\_archiv\frontend_vite_configs\node_modules\commander\package.json
C:\Users\andre\gridcheck\_archiv\frontend_vite_configs\node_modules\concat-map\package.json
C:\Users\andre\gridcheck\_archiv\frontend_vite_configs\node_modules\convert-source-map\package.json
C:\Users\andre\gridcheck\_archiv\frontend_vite_configs\node_modules\cookie\package.json
C:\Users\andre\gridcheck\_archiv\frontend_vite_configs\node_modules\cross-spawn\package.json
C:\Users\andre\gridcheck\_archiv\frontend_vite_configs\node_modules\cssesc\package.json
C:\Users\andre\gridcheck\_archiv\frontend_vite_configs\node_modules\csstype\package.json
C:\Users\andre\gridcheck\_archiv\frontend_vite_configs\node_modules\d3-array\package.json
C:\Users\andre\gridcheck\_archiv\frontend_vite_configs\node_modules\d3-color\package.json
C:\Users\andre\gridcheck\_archiv\frontend_vite_configs\node_modules\d3-ease\package.json
C:\Users\andre\gridcheck\_archiv\frontend_vite_configs\node_modules\d3-format\package.json
C:\Users\andre\gridcheck\_archiv\frontend_vite_configs\node_modules\d3-interpolate\package.json
C:\Users\andre\gridcheck\_archiv\frontend_vite_configs\node_modules\d3-path\package.json
C:\Users\andre\gridcheck\_archiv\frontend_vite_configs\node_modules\d3-scale\package.json
C:\Users\andre\gridcheck\_archiv\frontend_vite_configs\node_modules\d3-shape\package.json
C:\Users\andre\gridcheck\_archiv\frontend_vite_configs\node_modules\d3-time\package.json
C:\Users\andre\gridcheck\_archiv\frontend_vite_configs\node_modules\d3-time-format\package.json
C:\Users\andre\gridcheck\_archiv\frontend_vite_configs\node_modules\d3-timer\package.json
C:\Users\andre\gridcheck\_archiv\frontend_vite_configs\node_modules\debug\package.json
C:\Users\andre\gridcheck\_archiv\frontend_vite_configs\node_modules\decimal.js-light\package.json
C:\Users\andre\gridcheck\_archiv\frontend_vite_configs\node_modules\deep-is\package.json
C:\Users\andre\gridcheck\_archiv\frontend_vite_configs\node_modules\delayed-stream\package.json
C:\Users\andre\gridcheck\_archiv\frontend_vite_configs\node_modules\detect-libc\package.json
C:\Users\andre\gridcheck\_archiv\frontend_vite_configs\node_modules\detect-node-es\package.json
C:\Users\andre\gridcheck\_archiv\frontend_vite_configs\node_modules\didyoumean\package.json
C:\Users\andre\gridcheck\_archiv\frontend_vite_configs\node_modules\dlv\package.json
C:\Users\andre\gridcheck\_archiv\frontend_vite_configs\node_modules\dunder-proto\package.json
C:\Users\andre\gridcheck\_archiv\frontend_vite_configs\node_modules\electron-to-chromium\package.json
C:\Users\andre\gridcheck\_archiv\frontend_vite_configs\node_modules\es-define-property\package.json
C:\Users\andre\gridcheck\_archiv\frontend_vite_configs\node_modules\es-errors\package.json
C:\Users\andre\gridcheck\_archiv\frontend_vite_configs\node_modules\es-object-atoms\package.json
C:\Users\andre\gridcheck\_archiv\frontend_vite_configs\node_modules\es-set-tostringtag\package.json
C:\Users\andre\gridcheck\_archiv\frontend_vite_configs\node_modules\es-toolkit\package.json
C:\Users\andre\gridcheck\_archiv\frontend_vite_configs\node_modules\escalade\package.json
C:\Users\andre\gridcheck\_archiv\frontend_vite_configs\node_modules\escape-string-regexp\package.json
C:\Users\andre\gridcheck\_archiv\frontend_vite_configs\node_modules\eslint\package.json
C:\Users\andre\gridcheck\_archiv\frontend_vite_configs\node_modules\eslint-plugin-react-hooks\package.json
C:\Users\andre\gridcheck\_archiv\frontend_vite_configs\node_modules\eslint-plugin-react-refresh\package.json
C:\Users\andre\gridcheck\_archiv\frontend_vite_configs\node_modules\eslint-scope\package.json
C:\Users\andre\gridcheck\_archiv\frontend_vite_configs\node_modules\eslint-visitor-keys\package.json
C:\Users\andre\gridcheck\_archiv\frontend_vite_configs\node_modules\espree\package.json
C:\Users\andre\gridcheck\_archiv\frontend_vite_configs\node_modules\esquery\package.json
C:\Users\andre\gridcheck\_archiv\frontend_vite_configs\node_modules\esrecurse\package.json
C:\Users\andre\gridcheck\_archiv\frontend_vite_configs\node_modules\estraverse\package.json
C:\Users\andre\gridcheck\_archiv\frontend_vite_configs\node_modules\esutils\package.json
C:\Users\andre\gridcheck\_archiv\frontend_vite_configs\node_modules\eventemitter3\package.json
C:\Users\andre\gridcheck\_archiv\frontend_vite_configs\node_modules\fast-deep-equal\package.json
C:\Users\andre\gridcheck\_archiv\frontend_vite_configs\node_modules\fast-glob\package.json
C:\Users\andre\gridcheck\_archiv\frontend_vite_configs\node_modules\fast-glob\node_modules\glob-parent\package.json
C:\Users\andre\gridcheck\_archiv\frontend_vite_configs\node_modules\fast-json-stable-stringify\package.json
C:\Users\andre\gridcheck\_archiv\frontend_vite_configs\node_modules\fast-levenshtein\package.json
C:\Users\andre\gridcheck\_archiv\frontend_vite_configs\node_modules\fastq\package.json
C:\Users\andre\gridcheck\_archiv\frontend_vite_configs\node_modules\fdir\package.json
C:\Users\andre\gridcheck\_archiv\frontend_vite_configs\node_modules\file-entry-cache\package.json
C:\Users\andre\gridcheck\_archiv\frontend_vite_configs\node_modules\fill-range\package.json
C:\Users\andre\gridcheck\_archiv\frontend_vite_configs\node_modules\find-up\package.json
C:\Users\andre\gridcheck\_archiv\frontend_vite_configs\node_modules\flat-cache\package.json
C:\Users\andre\gridcheck\_archiv\frontend_vite_configs\node_modules\flatted\package.json
C:\Users\andre\gridcheck\_archiv\frontend_vite_configs\node_modules\flatted\cjs\package.json
C:\Users\andre\gridcheck\_archiv\frontend_vite_configs\node_modules\follow-redirects\package.json
C:\Users\andre\gridcheck\_archiv\frontend_vite_configs\node_modules\form-data\package.json
C:\Users\andre\gridcheck\_archiv\frontend_vite_configs\node_modules\fraction.js\package.json
C:\Users\andre\gridcheck\_archiv\frontend_vite_configs\node_modules\function-bind\package.json
C:\Users\andre\gridcheck\_archiv\frontend_vite_configs\node_modules\gensync\package.json
C:\Users\andre\gridcheck\_archiv\frontend_vite_configs\node_modules\get-intrinsic\package.json
C:\Users\andre\gridcheck\_archiv\frontend_vite_configs\node_modules\get-nonce\package.json
C:\Users\andre\gridcheck\_archiv\frontend_vite_configs\node_modules\get-proto\package.json
C:\Users\andre\gridcheck\_archiv\frontend_vite_configs\node_modules\glob-parent\package.json
C:\Users\andre\gridcheck\_archiv\frontend_vite_configs\node_modules\globals\package.json
C:\Users\andre\gridcheck\_archiv\frontend_vite_configs\node_modules\gopd\package.json
C:\Users\andre\gridcheck\_archiv\frontend_vite_configs\node_modules\has-flag\package.json
C:\Users\andre\gridcheck\_archiv\frontend_vite_configs\node_modules\has-symbols\package.json
C:\Users\andre\gridcheck\_archiv\frontend_vite_configs\node_modules\has-tostringtag\package.json
C:\Users\andre\gridcheck\_archiv\frontend_vite_configs\node_modules\hasown\package.json
C:\Users\andre\gridcheck\_archiv\frontend_vite_configs\node_modules\hermes-estree\package.json
C:\Users\andre\gridcheck\_archiv\frontend_vite_configs\node_modules\hermes-parser\package.json
C:\Users\andre\gridcheck\_archiv\frontend_vite_configs\node_modules\ignore\package.json
C:\Users\andre\gridcheck\_archiv\frontend_vite_configs\node_modules\immer\package.json
C:\Users\andre\gridcheck\_archiv\frontend_vite_configs\node_modules\import-fresh\package.json
C:\Users\andre\gridcheck\_archiv\frontend_vite_configs\node_modules\imurmurhash\package.json
C:\Users\andre\gridcheck\_archiv\frontend_vite_configs\node_modules\internmap\package.json
C:\Users\andre\gridcheck\_archiv\frontend_vite_configs\node_modules\is-binary-path\package.json
C:\Users\andre\gridcheck\_archiv\frontend_vite_configs\node_modules\is-core-module\package.json
C:\Users\andre\gridcheck\_archiv\frontend_vite_configs\node_modules\is-extglob\package.json
C:\Users\andre\gridcheck\_archiv\frontend_vite_configs\node_modules\is-glob\package.json
C:\Users\andre\gridcheck\_archiv\frontend_vite_configs\node_modules\is-number\package.json
C:\Users\andre\gridcheck\_archiv\frontend_vite_configs\node_modules\isexe\package.json
C:\Users\andre\gridcheck\_archiv\frontend_vite_configs\node_modules\jiti\package.json
C:\Users\andre\gridcheck\_archiv\frontend_vite_configs\node_modules\js-tokens\package.json
C:\Users\andre\gridcheck\_archiv\frontend_vite_configs\node_modules\js-yaml\package.json
C:\Users\andre\gridcheck\_archiv\frontend_vite_configs\node_modules\jsesc\package.json
C:\Users\andre\gridcheck\_archiv\frontend_vite_configs\node_modules\json-buffer\package.json
C:\Users\andre\gridcheck\_archiv\frontend_vite_configs\node_modules\json-schema-traverse\package.json
C:\Users\andre\gridcheck\_archiv\frontend_vite_configs\node_modules\json-stable-stringify-without-jsonify\package.json
C:\Users\andre\gridcheck\_archiv\frontend_vite_configs\node_modules\json5\package.json
C:\Users\andre\gridcheck\_archiv\frontend_vite_configs\node_modules\keyv\package.json
C:\Users\andre\gridcheck\_archiv\frontend_vite_configs\node_modules\levn\package.json
C:\Users\andre\gridcheck\_archiv\frontend_vite_configs\node_modules\lightningcss\package.json
C:\Users\andre\gridcheck\_archiv\frontend_vite_configs\node_modules\lightningcss-win32-x64-msvc\package.json
C:\Users\andre\gridcheck\_archiv\frontend_vite_configs\node_modules\lilconfig\package.json
C:\Users\andre\gridcheck\_archiv\frontend_vite_configs\node_modules\lines-and-columns\package.json
C:\Users\andre\gridcheck\_archiv\frontend_vite_configs\node_modules\locate-path\package.json
C:\Users\andre\gridcheck\_archiv\frontend_vite_configs\node_modules\lodash.merge\package.json
C:\Users\andre\gridcheck\_archiv\frontend_vite_configs\node_modules\lru-cache\package.json
C:\Users\andre\gridcheck\_archiv\frontend_vite_configs\node_modules\lucide-react\package.json
C:\Users\andre\gridcheck\_archiv\frontend_vite_configs\node_modules\math-intrinsics\package.json
C:\Users\andre\gridcheck\_archiv\frontend_vite_configs\node_modules\merge2\package.json
C:\Users\andre\gridcheck\_archiv\frontend_vite_configs\node_modules\micromatch\package.json
C:\Users\andre\gridcheck\_archiv\frontend_vite_configs\node_modules\micromatch\node_modules\picomatch\package.json
C:\Users\andre\gridcheck\_archiv\frontend_vite_configs\node_modules\mime-db\package.json
C:\Users\andre\gridcheck\_archiv\frontend_vite_configs\node_modules\mime-types\package.json
C:\Users\andre\gridcheck\_archiv\frontend_vite_configs\node_modules\minimatch\package.json
C:\Users\andre\gridcheck\_archiv\frontend_vite_configs\node_modules\ms\package.json
C:\Users\andre\gridcheck\_archiv\frontend_vite_configs\node_modules\mz\package.json
C:\Users\andre\gridcheck\_archiv\frontend_vite_configs\node_modules\nanoid\package.json
C:\Users\andre\gridcheck\_archiv\frontend_vite_configs\node_modules\nanoid\async\package.json
C:\Users\andre\gridcheck\_archiv\frontend_vite_configs\node_modules\nanoid\non-secure\package.json
C:\Users\andre\gridcheck\_archiv\frontend_vite_configs\node_modules\nanoid\url-alphabet\package.json
C:\Users\andre\gridcheck\_archiv\frontend_vite_configs\node_modules\natural-compare\package.json
C:\Users\andre\gridcheck\_archiv\frontend_vite_configs\node_modules\node-releases\package.json
C:\Users\andre\gridcheck\_archiv\frontend_vite_configs\node_modules\normalize-path\package.json
C:\Users\andre\gridcheck\_archiv\frontend_vite_configs\node_modules\object-assign\package.json
C:\Users\andre\gridcheck\_archiv\frontend_vite_configs\node_modules\object-hash\package.json
C:\Users\andre\gridcheck\_archiv\frontend_vite_configs\node_modules\optionator\package.json
C:\Users\andre\gridcheck\_archiv\frontend_vite_configs\node_modules\p-limit\package.json
C:\Users\andre\gridcheck\_archiv\frontend_vite_configs\node_modules\p-locate\package.json
C:\Users\andre\gridcheck\_archiv\frontend_vite_configs\node_modules\parent-module\package.json
C:\Users\andre\gridcheck\_archiv\frontend_vite_configs\node_modules\path-exists\package.json
C:\Users\andre\gridcheck\_archiv\frontend_vite_configs\node_modules\path-key\package.json
C:\Users\andre\gridcheck\_archiv\frontend_vite_configs\node_modules\path-parse\package.json
C:\Users\andre\gridcheck\_archiv\frontend_vite_configs\node_modules\picocolors\package.json
C:\Users\andre\gridcheck\_archiv\frontend_vite_configs\node_modules\picomatch\package.json
C:\Users\andre\gridcheck\_archiv\frontend_vite_configs\node_modules\pify\package.json
C:\Users\andre\gridcheck\_archiv\frontend_vite_configs\node_modules\pirates\package.json
C:\Users\andre\gridcheck\_archiv\frontend_vite_configs\node_modules\postcss\package.json
C:\Users\andre\gridcheck\_archiv\frontend_vite_configs\node_modules\postcss-import\package.json
C:\Users\andre\gridcheck\_archiv\frontend_vite_configs\node_modules\postcss-js\package.json
C:\Users\andre\gridcheck\_archiv\frontend_vite_configs\node_modules\postcss-load-config\package.json
C:\Users\andre\gridcheck\_archiv\frontend_vite_configs\node_modules\postcss-nested\package.json
C:\Users\andre\gridcheck\_archiv\frontend_vite_configs\node_modules\postcss-selector-parser\package.json
C:\Users\andre\gridcheck\_archiv\frontend_vite_configs\node_modules\postcss-value-parser\package.json
C:\Users\andre\gridcheck\_archiv\frontend_vite_configs\node_modules\prelude-ls\package.json
C:\Users\andre\gridcheck\_archiv\frontend_vite_configs\node_modules\proxy-from-env\package.json
C:\Users\andre\gridcheck\_archiv\frontend_vite_configs\node_modules\punycode\package.json
C:\Users\andre\gridcheck\_archiv\frontend_vite_configs\node_modules\queue-microtask\package.json
C:\Users\andre\gridcheck\_archiv\frontend_vite_configs\node_modules\react\package.json
C:\Users\andre\gridcheck\_archiv\frontend_vite_configs\node_modules\react-dom\package.json
C:\Users\andre\gridcheck\_archiv\frontend_vite_configs\node_modules\react-hook-form\package.json
C:\Users\andre\gridcheck\_archiv\frontend_vite_configs\node_modules\react-is\package.json
C:\Users\andre\gridcheck\_archiv\frontend_vite_configs\node_modules\react-redux\package.json
C:\Users\andre\gridcheck\_archiv\frontend_vite_configs\node_modules\react-remove-scroll\package.json
C:\Users\andre\gridcheck\_archiv\frontend_vite_configs\node_modules\react-remove-scroll\sidecar\package.json
C:\Users\andre\gridcheck\_archiv\frontend_vite_configs\node_modules\react-remove-scroll\UI\package.json
C:\Users\andre\gridcheck\_archiv\frontend_vite_configs\node_modules\react-remove-scroll-bar\package.json
C:\Users\andre\gridcheck\_archiv\frontend_vite_configs\node_modules\react-remove-scroll-bar\constants\package.json
C:\Users\andre\gridcheck\_archiv\frontend_vite_configs\node_modules\react-router\package.json
C:\Users\andre\gridcheck\_archiv\frontend_vite_configs\node_modules\react-router-dom\package.json
C:\Users\andre\gridcheck\_archiv\frontend_vite_configs\node_modules\react-style-singleton\package.json
C:\Users\andre\gridcheck\_archiv\frontend_vite_configs\node_modules\read-cache\package.json
C:\Users\andre\gridcheck\_archiv\frontend_vite_configs\node_modules\readdirp\package.json
C:\Users\andre\gridcheck\_archiv\frontend_vite_configs\node_modules\readdirp\node_modules\picomatch\package.json
C:\Users\andre\gridcheck\_archiv\frontend_vite_configs\node_modules\recharts\package.json
C:\Users\andre\gridcheck\_archiv\frontend_vite_configs\node_modules\redux\package.json
C:\Users\andre\gridcheck\_archiv\frontend_vite_configs\node_modules\redux-thunk\package.json
C:\Users\andre\gridcheck\_archiv\frontend_vite_configs\node_modules\reselect\package.json
C:\Users\andre\gridcheck\_archiv\frontend_vite_configs\node_modules\resolve\package.json
C:\Users\andre\gridcheck\_archiv\frontend_vite_configs\node_modules\resolve\test\module_dir\zmodules\bbb\package.json
C:\Users\andre\gridcheck\_archiv\frontend_vite_configs\node_modules\resolve\test\resolver\baz\package.json
C:\Users\andre\gridcheck\_archiv\frontend_vite_configs\node_modules\resolve\test\resolver\browser_field\package.json
C:\Users\andre\gridcheck\_archiv\frontend_vite_configs\node_modules\resolve\test\resolver\dot_main\package.json
C:\Users\andre\gridcheck\_archiv\frontend_vite_configs\node_modules\resolve\test\resolver\dot_slash_main\package.json
C:\Users\andre\gridcheck\_archiv\frontend_vite_configs\node_modules\resolve\test\resolver\false_main\package.json
C:\Users\andre\gridcheck\_archiv\frontend_vite_configs\node_modules\resolve\test\resolver\incorrect_main\package.json
C:\Users\andre\gridcheck\_archiv\frontend_vite_configs\node_modules\resolve\test\resolver\invalid_main\package.json
C:\Users\andre\gridcheck\_archiv\frontend_vite_configs\node_modules\resolve\test\resolver\multirepo\package.json
C:\Users\andre\gridcheck\_archiv\frontend_vite_configs\node_modules\resolve\test\resolver\multirepo\packages\package-a\package.json
C:\Users\andre\gridcheck\_archiv\frontend_vite_configs\node_modules\resolve\test\resolver\multirepo\packages\package-b\package.json
C:\Users\andre\gridcheck\_archiv\frontend_vite_configs\node_modules\resolve\test\resolver\nested_symlinks\mylib\package.json
C:\Users\andre\gridcheck\_archiv\frontend_vite_configs\node_modules\resolve\test\resolver\symlinked\package\package.json
C:\Users\andre\gridcheck\_archiv\frontend_vite_configs\node_modules\resolve-from\package.json
C:\Users\andre\gridcheck\_archiv\frontend_vite_configs\node_modules\reusify\package.json
C:\Users\andre\gridcheck\_archiv\frontend_vite_configs\node_modules\rolldown\package.json
C:\Users\andre\gridcheck\_archiv\frontend_vite_configs\node_modules\rolldown\node_modules\@rolldown\pluginutils\package.json
C:\Users\andre\gridcheck\_archiv\frontend_vite_configs\node_modules\run-parallel\package.json
C:\Users\andre\gridcheck\_archiv\frontend_vite_configs\node_modules\scheduler\package.json
C:\Users\andre\gridcheck\_archiv\frontend_vite_configs\node_modules\semver\package.json
C:\Users\andre\gridcheck\_archiv\frontend_vite_configs\node_modules\set-cookie-parser\package.json
C:\Users\andre\gridcheck\_archiv\frontend_vite_configs\node_modules\shebang-command\package.json
C:\Users\andre\gridcheck\_archiv\frontend_vite_configs\node_modules\shebang-regex\package.json
C:\Users\andre\gridcheck\_archiv\frontend_vite_configs\node_modules\source-map-js\package.json
C:\Users\andre\gridcheck\_archiv\frontend_vite_configs\node_modules\strip-json-comments\package.json
C:\Users\andre\gridcheck\_archiv\frontend_vite_configs\node_modules\sucrase\package.json
C:\Users\andre\gridcheck\_archiv\frontend_vite_configs\node_modules\supports-color\package.json
C:\Users\andre\gridcheck\_archiv\frontend_vite_configs\node_modules\supports-preserve-symlinks-flag\package.json
C:\Users\andre\gridcheck\_archiv\frontend_vite_configs\node_modules\tailwind-merge\package.json
C:\Users\andre\gridcheck\_archiv\frontend_vite_configs\node_modules\tailwindcss\package.json
C:\Users\andre\gridcheck\_archiv\frontend_vite_configs\node_modules\thenify\package.json
C:\Users\andre\gridcheck\_archiv\frontend_vite_configs\node_modules\thenify-all\package.json
C:\Users\andre\gridcheck\_archiv\frontend_vite_configs\node_modules\tiny-invariant\package.json
C:\Users\andre\gridcheck\_archiv\frontend_vite_configs\node_modules\tiny-invariant\dist\esm\package.json
C:\Users\andre\gridcheck\_archiv\frontend_vite_configs\node_modules\tinyglobby\package.json
C:\Users\andre\gridcheck\_archiv\frontend_vite_configs\node_modules\to-regex-range\package.json
C:\Users\andre\gridcheck\_archiv\frontend_vite_configs\node_modules\ts-interface-checker\package.json
C:\Users\andre\gridcheck\_archiv\frontend_vite_configs\node_modules\tslib\package.json
C:\Users\andre\gridcheck\_archiv\frontend_vite_configs\node_modules\tslib\modules\package.json
C:\Users\andre\gridcheck\_archiv\frontend_vite_configs\node_modules\type-check\package.json
C:\Users\andre\gridcheck\_archiv\frontend_vite_configs\node_modules\update-browserslist-db\package.json
C:\Users\andre\gridcheck\_archiv\frontend_vite_configs\node_modules\uri-js\package.json
C:\Users\andre\gridcheck\_archiv\frontend_vite_configs\node_modules\use-callback-ref\package.json
C:\Users\andre\gridcheck\_archiv\frontend_vite_configs\node_modules\use-sidecar\package.json
C:\Users\andre\gridcheck\_archiv\frontend_vite_configs\node_modules\use-sync-external-store\package.json
C:\Users\andre\gridcheck\_archiv\frontend_vite_configs\node_modules\util-deprecate\package.json
C:\Users\andre\gridcheck\_archiv\frontend_vite_configs\node_modules\victory-vendor\package.json
C:\Users\andre\gridcheck\_archiv\frontend_vite_configs\node_modules\vite\package.json
C:\Users\andre\gridcheck\_archiv\frontend_vite_configs\node_modules\which\package.json
C:\Users\andre\gridcheck\_archiv\frontend_vite_configs\node_modules\word-wrap\package.json
C:\Users\andre\gridcheck\_archiv\frontend_vite_configs\node_modules\yallist\package.json
C:\Users\andre\gridcheck\_archiv\frontend_vite_configs\node_modules\yocto-queue\package.json
C:\Users\andre\gridcheck\_archiv\frontend_vite_configs\node_modules\zod\package.json
C:\Users\andre\gridcheck\_archiv\frontend_vite_configs\node_modules\zod\locales\package.json
C:\Users\andre\gridcheck\_archiv\frontend_vite_configs\node_modules\zod\mini\package.json
C:\Users\andre\gridcheck\_archiv\frontend_vite_configs\node_modules\zod\v3\package.json
C:\Users\andre\gridcheck\_archiv\frontend_vite_configs\node_modules\zod\v4\package.json
C:\Users\andre\gridcheck\_archiv\frontend_vite_configs\node_modules\zod\v4\classic\package.json
C:\Users\andre\gridcheck\_archiv\frontend_vite_configs\node_modules\zod\v4\core\package.json
C:\Users\andre\gridcheck\_archiv\frontend_vite_configs\node_modules\zod\v4\locales\package.json
C:\Users\andre\gridcheck\_archiv\frontend_vite_configs\node_modules\zod\v4\mini\package.json
C:\Users\andre\gridcheck\_archiv\frontend_vite_configs\node_modules\zod\v4-mini\package.json
C:\Users\andre\gridcheck\_archiv\frontend_vite_configs\node_modules\zod-validation-error\package.json

=== 1) M1-Backup ===
ZIP: .\_backups\M1-baseline-20260421-154437.zip  Size: 22138 B

=== 2) Legacy-Struktur ===

=== 3) Ordner verschieben ===
OK  frontend -> _legacy\old-frontend
OK  backup_20260416_220920 -> _legacy\old-backups
OK  frontend-TRASH -> _legacy\old-frontend
OK  backups -> _legacy\old-backups
OK  _archiv -> _legacy
OK  backend -> _legacy\old-backend
OK  frontend-new -> _legacy\old-frontend
OK  backup_rules_20260420_2324 -> _legacy\old-backups

=== 4) Leere Ordner entfernen ===
DEL .agents
DEL .github
DEL app

=== 5) Root-Dumps nach _legacy\dumps\ ===
MV backend_database_dump.txt
MV BACKEND_DUMP.txt
MV backend_models_dump.txt
MV backup_form.txt
MV CODE_DUMP.txt
MV diagnosis.py.txt
MV dump.ps1
MV struktur.txt
MV test-output.txt

=== 6) Test-Files -> tests\ ===
MV test.js
MV test-evaluate.js
MV test-validator.js
MV test-netzdiagnose.js

=== 7) Dokus -> docs\ ===
MV PROJECT_STATUS.md
MV PROJEKTPLAN.md
MV ZUSAMMENFASSUNG_v3.md

=== 8) gridcheck.html (erste 10 Zeilen) ===
<!DOCTYPE html>
<html lang="de">
<head>
<meta charset="UTF-8">
<meta name="viewport" content="width=device-width, initial-scale=1.0">
<title>GridCheck Pro - Netzanschluss Pre-Check</title>
<style>
*{margin:0;padding:0;box-sizing:border-box}
:root{
  --bg:#0a0e17;--card:#111827;--border:#1e2a3a;

=== 9) Finaler Stand ===
-- Ordner --
.cursor
docs
engine
reports
rules
skills
tests
_backups
_legacy
-- Root-Dateien --



Name              Length
----              ------
.gitignore           613
cleanup.ps1         3320
gridcheck.html     33992
package-lock.json     88
README.md           1905


**********************
Ende der Windows PowerShell-Aufzeichnung
Endzeit: 20260421154440
**********************
